,agglomerative_clustering_c2,agglomerative_clustering_c3,agglomerative_clustering_c4,birch_c2,birch_c3,birch_c4,kmeans_c2,kmeans_c3,kmeans_c4,minibatch_kmeans_c2,minibatch_kmeans_c3,minibatch_kmeans_c4,spectral_clustering_c2,spectral_clustering_c3,spectral_clustering_c4,mean_shift,optics,suspected_bot
Titeuf0713,1,0,0,0,0,1,1,1,0,0,1,0,0,0,0,0,-1,1
titi84330,1,0,0,0,0,3,1,1,1,0,0,0,0,0,0,0,-1,1
kelly59242,1,0,0,0,0,3,1,1,1,0,0,0,0,0,0,0,-1,1
Juju75002,1,0,3,0,0,1,0,2,2,0,1,1,0,0,0,0,-1,1
volpi84120,1,0,0,0,0,3,1,1,1,0,0,0,0,0,0,0,-1,1
Zizou2885,1,0,0,0,0,3,1,1,0,0,1,0,0,0,0,0,-1,1
renaud220,1,0,0,0,0,3,1,1,1,0,0,0,0,0,0,0,-1,1
patouf97320,1,0,3,0,0,1,1,1,0,0,1,0,0,0,0,0,-1,1
frimija26,0,1,1,1,1,0,0,0,3,1,2,2,1,2,0,29,-1,0
D0ntCryBB,1,0,0,0,0,3,1,1,1,0,0,0,0,0,0,0,-1,0
BTCto1M,1,0,0,0,0,3,1,1,1,0,0,0,0,0,0,24,-1,0
LACHATATATA,1,0,0,0,0,3,1,1,1,0,0,0,0,0,0,0,-1,0
etilEnipS,1,0,0,0,0,3,1,1,1,0,0,0,0,0,0,0,-1,0
Cocochamelle,1,0,0,0,0,3,1,1,1,0,0,0,0,0,0,0,-1,0
rorro29,1,0,0,0,0,3,1,1,1,0,0,0,0,0,0,0,-1,0
Hari86,1,0,0,0,0,3,1,1,1,0,0,0,0,0,0,0,-1,0
Cesar Polska,1,0,0,0,0,3,1,1,1,0,0,0,0,0,0,0,-1,0
Ryujin,1,0,0,0,0,3,1,1,1,0,0,0,0,0,0,0,-1,0
mamielili29,1,0,0,0,0,3,1,1,1,0,0,0,0,0,0,0,-1,-1
M_Y_K_U_S,1,0,0,0,0,3,1,1,1,0,0,0,0,0,0,0,-1,-1
Naaxoo120,1,0,0,0,0,3,1,1,1,0,0,0,0,0,0,0,-1,-1
maniock31,1,0,0,0,0,3,1,1,1,0,0,0,0,0,0,0,-1,-1
ManiacduEg0,1,0,0,0,0,3,1,1,1,0,0,0,0,0,0,0,-1,-1
Manguilangui,1,0,3,0,0,1,1,2,0,0,1,1,0,0,0,0,-1,-1
mangeTmort,1,0,0,0,0,3,1,1,1,0,0,0,0,0,0,0,-1,-1
Naghone93,1,0,0,0,0,3,1,1,1,0,0,0,0,0,0,0,-1,-1
mangedisc,1,0,0,0,0,3,1,1,1,0,0,0,0,0,0,0,-1,-1
nairobi,1,0,0,0,0,3,1,1,1,0,0,0,0,0,0,0,-1,-1
MamieMarcell,1,0,3,0,0,1,0,1,0,0,1,0,0,0,0,0,-1,-1
NASH666740,1,0,0,0,0,3,1,1,1,0,0,0,0,0,0,0,-1,-1
naskeim,1,0,0,0,0,3,1,1,1,0,0,0,0,0,0,0,-1,-1
Malschee,1,0,0,0,0,3,1,1,1,0,0,0,0,0,0,0,-1,-1
Nana76250,0,1,1,1,1,0,0,0,3,1,2,3,1,0,0,29,-1,-1
napoliposss,1,0,0,0,0,3,1,1,1,0,0,0,0,0,0,0,-1,-1
MaloucocoPok,0,1,1,1,1,0,0,0,3,1,2,3,0,0,0,28,-1,-1
Naquor,1,0,0,0,0,3,1,1,1,0,0,0,0,0,0,0,-1,-1
Narcos93,1,0,0,0,0,3,1,1,1,0,0,0,0,0,0,0,-1,-1
Mallolo7,1,0,3,0,0,1,1,2,0,0,1,1,0,0,0,0,-1,-1
nasbenz,1,0,0,0,0,1,1,1,1,0,0,0,0,0,0,0,-1,-1
Nath020800,1,0,0,0,0,1,1,1,1,0,0,0,0,0,0,0,-1,-1
Nass7272,0,1,1,1,1,0,0,0,3,1,2,3,1,0,0,27,-1,-1
mamaPritz,1,0,3,0,0,1,1,1,0,0,1,0,0,0,0,0,-1,-1
Mano7979,1,0,0,0,0,3,1,1,1,0,0,0,0,0,0,0,-1,-1
MANIONION,0,1,1,1,1,0,0,2,2,1,1,1,0,0,0,0,-1,-1
MyOhMy147,1,0,0,0,0,3,1,1,1,0,1,0,0,0,0,0,-1,-1
Durmus74,1,0,0,0,0,3,1,1,1,0,0,0,0,0,0,0,-1,-1
DurantKevin,1,0,0,0,0,3,1,1,1,0,0,0,0,0,0,0,-1,-1
Druide59580,1,0,0,0,0,3,1,1,1,0,0,0,0,0,0,0,-1,-1
Drg000,1,0,0,0,0,3,1,1,1,0,0,0,0,0,0,0,-1,-1
dReeemer,1,0,0,0,0,3,1,1,1,0,0,0,0,0,0,0,-1,-1
DrDavy11,1,0,0,0,0,1,1,1,1,0,0,0,0,0,0,22,-1,-1
draga-Sreca,1,0,0,0,0,3,1,1,1,0,0,0,0,0,0,0,-1,-1
Dr3n0u,0,1,1,1,1,0,0,0,3,1,2,3,0,0,0,0,5,-1
Dr.Azouz,1,0,3,0,0,1,1,1,0,0,1,0,0,0,0,0,-1,-1
douk94,0,1,1,1,1,0,1,1,1,0,2,3,0,0,0,0,-1,-1
doudoune0310,1,0,0,0,0,3,1,1,1,0,0,0,0,0,0,0,-1,-1
Doublu,1,0,0,0,0,3,1,1,1,0,0,0,0,0,0,0,-1,-1
Double-a57,1,0,0,0,0,1,1,1,0,0,1,0,0,0,0,0,-1,-1
Donzuanas,1,0,3,0,0,1,1,2,0,0,1,1,0,0,0,0,-1,-1
Dontlie,1,0,3,0,0,3,1,1,0,0,1,0,0,0,0,0,-1,-1
DontCryBitch,1,0,0,0,0,3,1,1,1,0,0,0,0,0,0,0,-1,-1
donsamagon,1,0,0,0,0,3,1,1,1,0,0,0,0,0,0,0,-1,-1
Dominuspeace,0,1,1,1,1,0,0,0,3,1,2,3,0,0,0,0,-1,-1
dokoty,1,0,0,0,0,3,1,1,1,0,0,0,0,0,0,0,-1,-1
doka356,1,0,0,0,0,3,1,1,1,0,0,0,0,0,0,0,1,-1
Marcbianco2b,1,0,0,1,1,0,1,1,1,0,2,3,0,0,0,0,-1,-1
Marcadodo,1,0,3,0,0,1,1,1,0,0,1,0,0,0,0,0,-1,-1
Marcacash45,1,0,3,0,0,3,1,2,0,0,1,1,0,0,0,0,-1,-1
manutchouk13,1,0,0,0,0,3,1,1,1,0,0,0,0,0,0,0,-1,-1
manuchon26,1,0,3,0,0,1,1,1,0,0,1,0,0,0,0,0,-1,-1
Manu877,1,0,3,0,0,1,1,2,0,0,1,1,0,0,0,0,-1,-1
manu,1,0,0,0,0,3,1,1,1,0,0,0,0,0,0,0,-1,-1
manolo94400,1,0,0,0,0,1,1,1,1,0,0,0,0,0,0,0,-1,-1
ManoFriaGarc,1,0,0,0,0,1,1,1,0,0,1,0,0,0,0,0,-1,-1
Myriam0808,1,0,0,0,0,3,1,1,1,0,0,0,0,0,0,0,-1,-1
Leny41000,0,2,2,0,2,2,0,2,2,0,1,1,0,0,0,3,-1,-1
Mylaromario,0,1,1,1,1,0,0,0,3,1,2,3,0,0,0,0,-1,-1
Bouyaka183,1,0,0,0,0,3,1,1,1,0,0,0,0,0,0,0,-1,-1
bumblebees34,1,0,3,0,0,1,0,2,0,0,1,1,0,0,0,0,-1,-1
Buffbuff,1,0,3,0,0,1,1,2,0,0,1,1,0,0,0,0,-1,-1
BubleBoySifo,1,0,0,0,0,3,1,1,1,0,0,0,0,0,0,0,-1,-1
bubeliss,1,0,0,0,0,3,1,1,1,0,0,0,0,0,0,0,-1,-1
Bubbascrub,1,0,0,0,0,1,1,1,0,0,1,0,0,0,0,0,-1,-1
BterFlatCall,1,0,0,1,1,0,1,1,1,0,0,0,0,0,0,0,-1,-1
BriceS95,0,1,1,1,1,0,0,0,3,1,2,2,1,0,0,14,-1,-1
breyze,1,0,0,0,0,3,1,1,0,0,1,0,0,0,0,0,-1,-1
Breizkael,1,0,0,0,0,3,1,1,1,0,0,0,0,0,0,0,-1,-1
Branko25,1,0,3,0,0,1,0,2,0,0,1,1,0,0,0,0,-1,-1
Brak-night73,1,0,0,0,0,1,1,1,0,0,1,0,0,0,0,0,-1,-1
Brainingman,1,0,0,1,1,0,1,1,1,0,0,3,0,0,0,0,-1,-1
Brad1508,0,2,2,1,1,0,0,2,2,0,1,1,0,0,0,12,-1,-1
Boutchy49,1,0,3,0,0,1,1,1,0,0,1,0,0,0,0,0,-1,-1
myklogue,1,0,0,0,0,3,1,1,1,0,0,0,0,0,0,0,-1,-1
Bout2Chou,0,1,1,1,1,0,0,0,3,1,2,3,1,0,0,0,-1,-1
boulijow,0,1,1,1,1,0,0,0,3,1,2,3,0,0,0,0,-1,-1
boul13014,1,0,0,0,0,3,1,1,1,0,0,0,0,0,0,0,-1,-1
Bouchonpetit,1,0,0,0,0,1,1,1,0,0,1,0,0,0,0,0,-1,-1
BOUBOUVENDEE,1,0,0,0,0,1,1,1,0,0,1,0,0,0,0,0,-1,-1
Boub6229,0,1,1,1,1,0,0,0,3,1,2,2,1,2,0,29,-1,-1
Bossniak75,1,0,0,0,0,3,1,1,1,0,0,0,0,0,0,0,-1,-1
BossintheBiz,1,0,0,0,0,3,1,1,1,0,0,3,0,0,0,0,-1,-1
Cinqmille6,1,0,0,0,0,3,1,1,1,0,0,0,0,0,0,0,-1,-1
Cielo005,1,0,0,0,0,3,1,1,1,0,0,0,0,0,0,0,-1,-1
Chusmas10,0,1,1,0,0,1,0,2,0,1,1,1,0,0,0,0,-1,-1
chtisuisse25,1,0,0,0,0,3,1,1,1,0,0,0,0,0,0,0,-1,-1
chsv,1,0,0,0,0,3,1,1,1,0,0,0,0,0,0,0,-1,-1
BUNTASI,1,0,3,0,0,1,1,1,1,0,0,0,0,0,0,0,-1,-1
byungmg,1,0,0,0,0,3,1,1,1,0,0,0,0,0,0,0,-1,-1
lauriega2,1,0,0,1,1,0,0,0,3,1,2,3,0,0,0,0,-1,-1
LaVieDesMecs,1,0,3,0,0,1,1,2,0,0,1,1,0,0,0,0,-1,-1
MyBaD,0,1,1,1,1,0,0,0,3,1,2,3,1,0,0,29,-1,-1
mus65,1,0,0,0,0,3,1,1,1,0,0,0,0,0,0,0,-1,-1
MurciAllin,0,2,2,0,0,1,0,2,2,0,1,1,0,0,0,0,-1,-1
Dutarr,1,0,0,0,0,3,1,1,1,0,0,0,0,0,0,0,-1,-1
lEnfrDuDimch,1,0,0,0,0,1,0,2,0,0,1,1,0,0,0,0,-1,-1
Lendormidu91,1,0,0,0,0,1,1,1,1,0,0,0,0,0,0,0,-1,-1
Lenco59,1,0,0,0,0,3,1,1,1,0,0,0,0,0,0,0,1,-1
lemu92,1,0,0,0,0,3,1,1,1,0,0,0,0,0,0,0,-1,-1
Leloutcho,0,1,1,1,1,0,0,0,3,1,2,3,1,0,0,28,-1,-1
Lelou692,1,0,3,0,0,1,0,2,2,0,1,1,0,0,0,0,-1,-1
LejgaCmanko,1,0,0,0,0,3,1,1,1,0,0,0,0,0,0,0,-1,-1
Legumineuse,1,0,0,0,0,3,1,1,1,0,0,0,0,0,0,0,-1,-1
LeFumisteee,0,1,1,1,1,0,0,0,3,1,2,2,1,0,0,27,-1,-1
lefooteuxfou,1,0,0,0,0,3,1,1,1,0,0,0,0,0,0,0,-1,-1
Lecuenton,1,0,0,0,0,3,1,1,0,0,1,0,0,0,0,0,-1,-1
leChirurJoin,0,1,1,1,1,0,0,0,3,1,2,3,1,0,0,28,-1,-1
Lebzhfou,1,0,0,0,0,3,1,1,1,0,0,0,0,0,0,0,-1,-1
LeBwa,1,0,3,0,0,1,1,2,0,0,1,1,0,0,0,0,-1,-1
lebertoutber,0,2,2,0,2,2,0,2,2,0,1,1,0,0,0,3,-1,-1
Learsi13,1,0,0,0,0,3,1,1,1,0,0,0,0,0,0,0,-1,-1
Leandre.7626,0,2,2,0,2,2,0,2,2,0,1,1,0,0,0,1,-1,-1
Lazeru93,1,0,0,0,0,3,1,1,1,0,0,0,0,0,0,0,-1,-1
Laynidas,0,1,1,1,1,0,0,0,3,1,2,3,0,0,0,0,-1,-1
Laxsss,1,0,0,0,0,3,1,1,1,0,0,0,0,0,0,0,-1,-1
Lawsonlaw,0,1,1,1,1,0,0,0,3,1,2,2,1,0,0,29,-1,-1
LawnmowerMan,1,0,0,0,0,3,1,1,1,0,0,0,0,0,0,0,-1,-1
LaWinOuRien9,1,0,0,0,0,1,0,1,0,0,1,0,0,0,0,0,-1,-1
dusle777,1,0,0,0,0,3,1,1,1,0,0,0,0,0,0,0,-1,-1
--W&J--,1,0,3,0,0,1,1,1,0,0,1,0,0,0,0,0,-1,-1
Dveesa,1,0,0,0,0,3,1,1,1,0,0,0,0,0,0,0,-1,-1
FemurMarket,1,0,0,0,0,3,1,1,1,0,0,0,0,0,0,0,-1,-1
fish-2013,1,0,0,0,0,3,1,1,1,0,0,0,0,0,0,0,-1,-1
Filofish940,1,0,3,0,0,1,0,2,0,0,1,1,0,0,0,0,-1,-1
FiLeTiNho,1,0,0,0,0,3,1,1,1,0,0,0,0,0,0,0,-1,-1
filaievie,1,0,0,0,0,3,1,1,1,0,0,0,0,0,0,0,-1,-1
fiish1,1,0,0,0,0,3,1,1,1,0,0,0,0,0,0,0,-1,-1
Fifamax,1,0,0,0,0,3,1,1,1,0,0,0,0,0,0,0,-1,-1
Fevzi1973,1,0,3,0,0,1,1,2,0,0,1,1,0,0,0,0,-1,-1
fesacar,1,0,0,0,0,3,0,1,0,1,1,3,0,0,0,0,-1,-1
FerryLacombe,1,0,0,0,0,3,1,1,1,0,0,0,0,0,0,0,-1,-1
fernantyson,1,0,3,0,0,1,1,1,0,0,1,0,0,0,0,0,-1,-1
Fernandy77,1,0,0,0,0,3,1,1,0,0,1,0,0,0,0,0,-1,-1
Ferl69,0,1,1,1,1,0,0,0,3,1,2,3,0,0,0,0,-1,-1
fenjih,1,0,0,0,0,3,1,1,1,0,0,0,0,0,0,0,-1,-1
Felon62,1,0,0,0,0,1,0,1,0,0,1,3,0,0,0,0,-1,-1
FishOrNot2,1,0,0,0,0,1,1,1,1,0,0,0,0,0,0,0,-1,-1
FefePKR,1,0,0,0,0,3,1,1,1,0,0,0,0,0,0,0,-1,-1
FeeLiT0,1,0,0,0,0,3,1,1,1,0,0,0,0,0,0,0,-1,-1
Federer4666,0,1,1,1,1,0,0,0,3,1,2,3,0,0,0,27,-1,-1
fulljotas8s,1,0,0,0,0,3,1,1,1,0,0,0,0,0,0,0,-1,-1
Fullayah,0,1,1,1,1,0,0,0,3,1,2,2,1,2,0,29,-1,-1
FT89,1,0,0,0,0,3,1,1,1,0,0,0,0,0,0,0,-1,-1
FsherT,1,0,0,0,0,3,1,1,1,0,0,0,0,0,0,0,-1,-1
FRESH-EV,1,0,0,0,0,3,1,1,1,0,0,0,0,0,0,0,-1,-1
freddy006,1,0,0,0,0,3,1,1,1,0,0,0,0,0,0,0,-1,-1
Fredddoxxx21,1,0,0,0,0,1,0,0,0,1,2,3,0,0,0,0,-1,-1
Freanjaille3,1,0,0,0,0,3,1,1,1,0,0,0,0,0,0,0,-1,-1
Freaak,1,0,0,0,0,3,1,1,1,0,0,0,0,0,0,0,-1,-1
fratedu13,1,0,0,0,0,3,1,1,1,0,0,0,0,0,0,0,-1,-1
FishDonker,1,0,0,0,0,3,1,1,1,0,0,0,0,0,0,0,-1,-1
FitJ9,1,0,0,0,0,3,1,1,1,0,0,0,0,0,0,0,-1,-1
Francooiis01,0,1,1,1,1,0,0,0,3,1,2,3,0,0,0,0,-1,-1
MaximeB956,1,0,0,0,0,3,1,1,1,0,0,0,0,0,0,0,-1,-1
mecaval,1,0,0,0,0,3,1,1,1,0,0,0,0,0,0,0,-1,-1
MctheBotaire,0,1,1,1,1,0,0,0,3,1,2,3,0,0,0,0,-1,-1
McClane3613,1,0,0,0,0,1,1,1,0,0,1,0,0,0,0,0,-1,-1
Mbappewin,1,0,0,0,0,3,1,1,1,0,0,0,0,0,0,0,-1,-1
MBAPPEDOPADO,1,0,0,0,0,1,1,1,0,0,1,0,0,0,0,0,-1,-1
mazacao33,1,0,0,0,0,3,1,1,0,0,1,0,0,0,0,0,-1,-1
Maymad08,0,2,2,0,2,2,0,2,2,0,1,1,0,0,0,8,-1,-1
mayamon1,1,0,0,0,0,3,1,1,1,0,0,0,0,0,0,0,-1,-1
Maxwina52,1,0,0,0,0,3,1,1,1,0,0,0,0,0,0,0,-1,-1
maxoudu06,1,0,3,0,0,1,1,2,0,0,1,1,0,0,0,0,-1,-1
Maxmax64230,1,0,3,0,0,1,1,1,0,0,1,0,0,0,0,0,-1,-1
maxmadmax,1,0,3,0,0,1,1,2,0,0,1,1,0,0,0,0,-1,-1
Maximous2,1,0,3,0,0,1,1,1,0,0,1,0,0,0,0,0,-1,-1
MAXIME9444,1,0,3,0,0,3,1,1,1,0,0,0,0,0,0,0,-1,-1
fizryk,1,0,0,0,0,3,1,1,1,0,0,0,0,0,0,0,-1,-1
Maxime13200,1,0,0,0,0,3,1,1,1,0,0,0,0,0,0,0,-1,-1
Maxiiiiie,1,0,3,0,0,1,0,2,0,0,1,1,0,0,0,0,-1,-1
Maxicookie0,0,1,1,1,1,0,0,0,3,1,2,2,1,2,0,18,-1,-1
MaxGones37,1,0,3,0,0,3,1,1,0,0,1,0,0,0,0,0,-1,-1
Maxencecayer,1,0,3,0,0,1,1,2,0,0,1,1,0,0,0,0,-1,-1
Max0b,1,0,0,0,0,1,1,1,1,0,0,0,0,0,0,0,-1,-1
MawieMawie,1,0,0,0,0,3,1,1,1,0,0,0,0,0,0,0,-1,-1
maurinouch,1,0,3,0,0,1,1,1,0,0,1,0,0,0,0,0,-1,-1
MatouLeMatou,1,0,0,0,0,3,1,1,0,0,1,0,0,0,0,0,-1,-1
Mathieubdu43,0,1,1,1,1,0,0,0,3,1,2,2,1,0,0,29,-1,-1
mathiask68,1,0,3,0,0,1,1,2,0,0,1,1,0,0,0,0,-1,-1
MaterialGirl,0,1,1,1,1,0,0,2,2,1,2,1,0,0,0,12,-1,-1
matenzo14210,1,0,0,0,0,3,1,1,1,0,0,0,0,0,0,0,-1,-1
frankyXX,0,2,2,0,2,2,0,2,2,0,1,1,0,1,3,1,-1,-1
Francky62680,1,0,0,0,0,3,1,1,1,0,0,0,0,0,0,0,-1,-1
Concombre69,1,0,0,0,0,1,1,1,0,0,1,0,0,0,0,0,-1,-1
Crispym0nk3y,1,0,0,0,0,1,0,0,0,1,2,3,0,0,0,0,-1,-1
MilaF15,1,0,0,0,0,3,1,1,1,0,0,0,0,0,0,0,-1,-1
mikesinge,1,0,0,0,0,3,1,1,1,0,0,0,0,0,0,0,-1,-1
cyremiax,1,0,0,0,0,1,1,1,0,0,1,0,0,0,0,0,-1,-1
Cyma38,1,0,0,0,0,3,1,1,1,0,0,0,0,0,0,0,1,-1
Cut62,0,2,2,0,2,2,0,2,2,0,1,1,0,0,0,11,-1,-1
CURROJIMENEZ,1,0,0,0,0,3,1,1,1,0,0,0,0,0,0,0,-1,-1
cuncimoki,1,0,0,0,0,1,1,1,1,0,0,0,0,0,0,22,-1,-1
csc78,1,0,0,0,0,3,1,1,1,0,0,0,0,0,0,0,-1,-1
Cruzitoo34,1,0,0,0,0,3,1,1,1,0,0,0,0,0,0,0,-1,-1
crsport,1,0,0,0,0,3,1,1,1,0,0,0,0,0,0,0,-1,-1
CrownUpMamba,1,0,0,0,0,3,1,1,1,0,0,0,0,0,0,0,-1,-1
Croucroudile,1,0,0,0,0,3,1,1,0,0,0,0,0,0,0,0,-1,-1
Cristiangu29,1,0,3,0,0,3,1,1,1,0,0,0,0,0,0,0,-1,-1
Crewboss,1,0,0,0,0,3,1,1,1,0,0,0,0,0,0,0,-1,-1
MimoRuidoso,1,0,0,0,0,3,1,1,1,0,0,0,0,0,0,0,-1,-1
Creazi2,1,0,3,0,0,1,1,1,0,0,1,0,0,0,0,0,-1,-1
Createmyname,1,0,0,0,0,3,1,1,1,0,0,0,0,0,0,0,-1,-1
crAzygAot,0,1,1,1,1,0,0,2,2,1,1,1,0,0,0,12,-1,-1
Crack-for-QQ,0,1,1,1,1,0,0,0,3,1,2,3,0,0,0,0,-1,-1
Coviddix9,0,1,1,1,1,0,0,0,3,1,2,2,1,0,0,27,-1,-1
CouperMan,1,0,0,0,0,3,1,1,1,0,0,0,0,0,0,0,-1,-1
couki2020,1,0,0,0,0,3,1,1,1,0,0,0,0,0,0,0,-1,-1
Couchetoibat,1,0,0,0,0,1,0,2,0,0,1,1,0,0,0,0,-1,-1
CosmicShark,1,0,0,0,0,3,1,1,1,0,0,0,0,0,0,0,-1,-1
corey94,1,0,0,0,0,3,1,1,1,0,0,0,0,0,0,0,-1,-1
christobal45,1,0,0,0,0,3,1,1,1,0,0,0,0,0,0,0,-1,-1
Corazon29,1,0,3,0,0,1,0,2,2,0,1,1,0,0,0,0,-1,-1
COOGUIZ,1,0,0,0,0,3,1,1,1,0,0,0,0,0,0,0,-1,-1
Mille9Cent6,0,1,1,1,1,0,0,0,3,1,2,2,1,0,0,29,-1,-1
Minerax,1,0,0,0,0,3,1,1,1,0,0,0,0,0,0,0,-1,-1
franck689,1,0,3,0,0,1,1,2,0,0,1,1,0,0,0,0,-1,-1
Mohhhhhhhh76,1,0,0,0,0,1,1,1,0,0,1,0,0,0,0,0,-1,-1
Franck62880,1,0,0,0,0,3,1,1,1,0,0,0,0,0,0,0,-1,-1
Francismadi,0,1,1,1,1,0,0,0,3,1,2,2,1,0,0,14,-1,-1
foyonero10,1,0,0,0,0,3,1,1,1,0,0,0,0,0,0,0,-1,-1
Fouz93,1,0,0,0,0,3,1,1,1,0,0,0,0,0,0,0,-1,-1
Fouinouze,0,1,1,1,1,0,0,0,3,1,2,3,0,0,0,0,-1,-1
FOSTHEDOG,0,1,1,1,1,0,0,0,3,1,2,2,0,0,0,27,-1,-1
FoRzA_JuvEEE,1,0,0,0,0,3,1,1,1,0,0,0,0,0,0,0,-1,-1
ForeverSchum,1,0,0,0,0,3,1,1,1,0,0,0,0,0,0,0,-1,-1
forestieris,0,1,1,1,1,0,0,0,3,1,2,3,0,0,0,0,4,-1
Molie,1,0,0,0,0,1,1,1,0,0,1,0,0,0,0,0,-1,-1
mokuso,1,0,0,0,0,3,1,1,1,0,0,0,0,0,0,0,-1,-1
MoiViici,1,0,3,0,0,1,0,2,0,0,1,1,0,0,0,0,-1,-1
Moibebert,0,2,2,0,0,1,0,2,2,0,1,1,0,0,0,0,-1,-1
MODUL0R,1,0,0,0,0,3,1,1,1,0,0,0,0,0,0,0,-1,-1
MiNinie,0,2,2,0,2,2,0,2,2,0,1,1,0,0,0,3,-1,-1
MoDe0495,0,1,1,1,1,0,0,0,3,1,2,3,0,0,0,14,-1,-1
Mobiltoz,1,0,3,0,0,1,1,2,0,0,1,1,0,0,0,0,-1,-1
Mmo-91,1,0,0,0,0,3,1,1,1,0,0,0,0,0,0,0,-1,-1
Mmarcas,1,0,0,0,0,3,1,1,1,0,0,0,0,0,0,0,-1,-1
MKUltraSun,1,0,0,0,0,3,1,1,1,0,0,0,0,0,0,0,-1,-1
misterkan05,1,0,0,0,0,3,1,1,1,0,0,0,0,0,0,0,-1,-1
miss.tiKK,1,0,0,0,0,3,1,1,1,0,0,0,0,0,0,0,-1,-1
Mirouf131313,0,1,1,1,1,0,0,0,3,1,2,2,1,0,0,14,-1,-1
Mirotic,0,1,1,1,1,0,0,0,3,1,2,3,0,0,0,28,-1,-1
Miri93300,1,0,0,0,0,3,1,1,1,0,0,0,0,0,0,0,-1,-1
Mireyyy,1,0,0,0,0,3,1,1,1,0,0,0,0,0,0,0,-1,-1
miraise974,0,1,1,1,1,0,0,0,3,1,2,3,0,0,0,0,-1,-1
Minke_Whale,1,0,0,0,0,3,1,1,1,0,0,0,0,0,0,0,-1,-1
Christoufcr7,1,0,0,0,0,1,0,2,0,0,1,1,0,0,0,0,-1,-1
chopine82,1,0,0,0,0,3,1,1,1,0,0,0,0,0,0,0,-1,-1
Christdec,0,1,1,1,1,0,0,0,3,1,2,2,0,0,0,14,-1,-1
3xpresso,1,0,0,0,0,3,1,1,1,0,0,0,0,0,0,0,-1,-1
pamaga87,1,0,0,0,0,3,1,1,1,0,0,0,0,0,0,0,-1,-1
PALMI57,1,0,0,0,0,3,1,1,1,0,0,0,0,0,0,0,-1,-1
PALM31,1,0,0,0,0,1,1,1,0,0,1,0,0,0,0,0,-1,-1
Paketoth38,1,0,3,0,0,1,0,2,0,0,1,1,0,0,0,0,-1,-1
Painsdepices,1,0,3,0,0,1,1,2,0,0,1,1,0,0,0,0,-1,-1
Pacemaker07,0,1,1,1,1,0,0,0,3,1,2,3,0,0,0,0,-1,-1
Pablomm11,1,0,0,0,0,3,1,1,1,0,0,0,0,0,0,0,-1,-1
Pablodepopo,1,0,0,0,0,1,1,1,0,0,1,0,0,0,0,0,-1,-1
Pablo1.618,0,1,1,1,1,0,0,0,3,1,2,3,0,0,0,27,-1,-1
SM1811,1,0,0,0,0,3,1,1,1,0,0,0,0,0,0,0,-1,-1
Slttoi30,1,0,0,0,0,3,1,1,1,0,0,0,0,0,0,0,-1,-1
Sligowigowi,1,0,0,0,0,3,1,1,1,0,0,0,0,0,0,0,-1,-1
SleepyBaze,0,1,1,1,1,0,0,0,3,1,2,3,0,0,0,0,-1,-1
Slataman,1,0,0,0,0,3,1,1,1,0,0,0,0,0,0,0,-1,-1
SKZD,1,0,0,0,0,3,1,1,1,0,0,0,0,0,0,0,-1,-1
Skyzfluz,1,0,0,1,1,0,1,1,1,0,0,0,0,0,0,0,-1,-1
SkyNet3,1,0,0,0,0,3,1,1,1,0,0,0,0,0,0,0,-1,-1
Skymindus,1,0,0,0,0,3,1,1,1,0,0,0,0,0,0,0,-1,-1
skipp33,1,0,3,0,0,1,1,2,0,0,1,1,0,0,0,0,-1,-1
Skill&Luck,1,0,0,0,0,3,1,1,1,0,0,0,0,0,0,0,-1,-1
Skenderx,1,0,0,0,0,3,1,1,1,0,0,0,0,0,0,0,-1,-1
Sixtrois6303,1,0,0,0,0,3,1,1,1,0,0,0,0,0,0,0,-1,-1
SirYourALLin,1,0,0,0,0,3,1,1,1,0,0,0,0,0,0,0,-1,-1
Sinley777,1,0,0,0,0,3,1,1,1,0,0,0,0,0,0,0,-1,-1
Sinhaya77,1,0,0,0,0,1,1,1,1,0,0,0,0,0,0,0,-1,-1
Simomaroc1,1,0,0,0,0,3,1,1,1,0,0,0,0,0,0,0,-1,-1
_Ryuk_,1,0,0,0,0,1,1,1,0,0,1,0,0,0,0,0,-1,-1
_nursy_,1,0,0,0,0,3,1,1,1,0,0,0,0,0,0,0,-1,-1
_n0mak_,1,0,0,0,0,3,1,1,1,0,0,0,0,0,0,0,-1,-1
Pamb01,1,0,0,0,0,1,1,1,1,0,0,0,0,0,0,0,-1,-1
panamacity17,1,0,0,0,0,3,1,1,1,0,0,0,0,0,0,0,-1,-1
Panchooooo,1,0,0,0,0,3,1,1,1,0,0,0,0,0,0,0,-1,-1
pato95360,1,0,3,0,0,3,1,1,0,0,1,0,0,0,0,0,-1,-1
2pac37691,1,0,0,0,0,3,1,1,1,0,0,0,0,0,0,0,-1,-1
2J13,1,0,3,0,0,1,1,1,0,0,1,0,0,0,0,0,-1,-1
26tabrichi26,0,1,1,1,1,0,0,0,3,1,2,3,0,0,0,27,-1,-1
23jeje09,1,0,0,0,0,3,1,1,1,0,0,0,0,0,0,0,-1,-1
2141,1,0,0,0,0,1,1,1,0,0,1,0,0,0,0,0,-1,-1
20EMPENAR,1,0,0,0,0,3,1,1,1,0,0,0,0,0,0,0,-1,-1
1WayTicket,1,0,0,0,0,3,1,1,1,0,0,0,0,0,0,0,-1,-1
1Venom1,1,0,0,0,0,3,1,1,1,0,0,0,0,0,0,0,-1,-1
1stThings1st,1,0,0,0,0,3,1,1,1,0,0,0,0,0,0,0,-1,-1
paulaluci,1,0,3,0,0,1,1,2,0,0,1,1,0,0,0,0,-1,-1
PATTATRAK,1,0,0,0,0,1,1,1,0,0,1,0,0,0,0,0,-1,-1
Patriarca998,0,1,1,1,1,0,0,0,3,1,2,2,1,0,0,27,-1,-1
Patou1987,1,0,0,0,0,3,1,1,1,0,0,0,0,0,0,0,-1,-1
patlaflush,1,0,0,0,0,1,1,1,0,0,0,0,0,0,0,0,-1,-1
PanchoProd,1,0,0,0,0,3,1,1,1,0,0,0,0,0,0,0,-1,-1
Pat13480,1,0,3,0,0,1,0,2,0,0,1,1,0,0,0,0,-1,-1
Pasutka,0,1,1,1,1,0,0,0,3,1,2,3,1,0,0,28,-1,-1
Pasta57,1,0,3,0,0,1,1,1,0,0,1,0,0,0,0,0,-1,-1
pasmieux12,1,0,0,0,0,3,1,1,1,0,0,0,0,0,0,0,-1,-1
Pascaly16,1,0,0,0,0,3,1,1,1,0,0,0,0,0,0,0,-1,-1
pascaloudu45,1,0,0,0,0,3,1,1,1,0,0,0,0,0,0,0,-1,-1
ParisHilton,1,0,0,0,0,1,1,1,1,0,0,0,0,0,0,0,-1,-1
Paric,1,0,0,0,0,3,1,1,1,0,0,0,0,0,0,0,-1,-1
parazitu,1,0,0,0,0,3,1,1,1,0,0,0,0,0,0,0,-1,-1
Paravolar,0,1,1,1,1,0,0,0,3,1,2,3,1,0,0,28,-1,-1
PaPa_YoYo,1,0,0,0,0,3,1,1,1,0,0,0,0,0,0,0,-1,-1
PapaElla62,1,0,0,0,0,3,1,1,0,0,1,0,0,0,0,0,-1,-1
Pandemics,1,0,0,0,0,3,1,1,1,0,0,0,0,0,0,0,-1,-1
_killelky,1,0,0,0,0,3,1,1,1,0,0,0,0,0,0,0,-1,-1
_DaDDy_,1,0,0,0,0,3,1,1,1,0,0,0,0,0,0,0,-1,-1
_banned_,1,0,0,0,0,3,1,1,1,0,0,0,0,0,0,0,-1,-1
bendino,0,1,1,1,1,0,0,0,3,1,2,2,0,0,0,27,-1,-1
Houllier,1,0,0,0,0,3,1,1,1,0,0,0,0,0,0,0,-1,-1
houda2003,0,1,1,1,1,0,0,0,3,1,2,2,1,2,0,18,-1,-1
HomerDalord.,0,2,2,0,2,2,0,2,2,0,1,1,0,0,0,1,-1,-1
Homardcosmic,1,0,0,0,0,3,1,1,0,0,1,0,0,0,0,0,-1,-1
Hmidoudu66,0,1,1,1,1,0,0,0,3,1,2,3,0,0,0,12,-1,-1
Hispano300,0,1,1,1,1,0,0,0,3,1,2,2,1,2,0,29,-1,-1
Heuteml,1,0,0,0,0,1,1,1,0,0,1,0,0,0,0,0,-1,-1
Heureux32,1,0,0,0,0,3,1,1,1,0,0,0,0,0,0,0,-1,-1
Heryoni,1,0,0,0,0,3,1,1,1,0,0,0,0,0,0,0,-1,-1
HeRo-CaLL,1,0,0,0,0,3,1,1,0,0,1,0,0,0,0,0,-1,-1
Hellodream,1,0,3,0,0,1,1,1,0,0,1,0,0,0,0,0,-1,-1
Benigr,1,0,0,0,0,3,1,1,1,0,0,0,0,0,0,0,-1,-1
Benha92250,1,0,0,0,0,3,1,1,1,0,0,0,0,0,0,0,-1,-1
Benbou02,1,0,0,0,0,3,1,1,0,0,1,0,0,0,0,0,-1,-1
Hugoofficial,0,1,1,1,1,0,0,0,3,1,2,3,0,0,0,28,-1,-1
bena0806,1,0,0,0,0,3,1,1,1,0,0,0,0,0,0,0,-1,-1
Ben5378,1,0,0,0,0,3,1,1,1,0,0,0,0,0,0,0,-1,-1
Beloruble,1,0,0,0,0,3,1,1,1,0,0,0,0,0,0,0,-1,-1
Belo1994,1,0,0,0,0,3,1,1,1,0,0,0,0,0,0,0,-1,-1
Belliare,0,2,2,0,0,1,0,2,2,0,1,1,0,0,0,11,-1,-1
bellejournee,1,0,0,0,0,3,1,1,1,0,0,0,0,0,0,0,-1,-1
BELG3,1,0,0,0,0,1,1,1,0,0,0,0,0,0,0,0,-1,-1
Belanafish,1,0,0,0,0,3,1,1,1,0,0,0,0,0,0,0,-1,-1
Beitajk7,0,1,1,1,1,0,0,2,2,1,2,1,0,0,0,12,-1,-1
Beely73,1,0,0,0,0,3,1,1,1,0,0,0,0,0,0,0,-1,-1
Beeautiful,1,0,0,0,0,3,1,1,1,0,0,0,0,0,0,0,-1,-1
Bech3800,1,0,0,1,1,0,0,0,3,1,2,3,0,0,0,0,-1,-1
Bebeto98,1,0,3,0,0,1,1,1,0,0,1,0,0,0,0,0,-1,-1
Hsisbsv,1,0,3,0,0,1,1,2,0,0,1,1,0,0,0,0,-1,-1
HUMMMM84,0,1,1,1,1,0,0,0,3,1,2,3,0,0,0,0,-1,-1
Zygis14,1,0,0,0,0,3,1,1,1,0,0,0,0,0,0,0,-1,-1
zitoune062,1,0,0,0,0,3,1,1,1,0,0,0,0,0,0,0,-1,-1
Zrnf09,1,0,0,0,0,1,0,2,0,0,1,3,0,0,0,0,-1,-1
Zozi27400,1,0,0,0,0,1,1,2,0,0,1,1,0,0,0,0,-1,-1
zouzlac85,1,0,0,0,0,3,1,1,1,0,0,0,0,0,0,0,-1,-1
Zotym_DaV,1,0,0,0,0,3,1,1,1,0,0,0,0,0,0,0,-1,-1
ZONX10,1,0,0,0,0,3,1,1,1,0,0,0,0,0,0,0,-1,-1
Zoltan02,1,0,0,0,0,3,1,1,1,0,0,0,0,0,0,0,-1,-1
zolo34,1,0,0,0,0,3,1,1,0,0,1,0,0,0,0,0,-1,-1
zoel04,1,0,3,0,0,1,1,2,0,0,1,1,0,0,0,0,-1,-1
Zo3va,1,0,0,0,0,3,1,1,1,0,0,0,0,0,0,0,-1,-1
Zizoubir,1,0,0,0,0,3,1,1,1,0,0,0,0,0,0,0,-1,-1
Zizou9415,0,2,2,0,2,2,0,2,2,0,1,1,0,1,3,1,-1,-1
ziuziu8,1,0,3,0,0,1,1,2,0,0,1,1,0,0,0,0,-1,-1
Zitoun_OC,1,0,0,0,0,3,1,1,1,0,0,0,0,0,0,0,-1,-1
zionbool,1,0,0,0,0,3,1,1,1,0,0,0,0,0,0,0,2,-1
Hyperion1618,1,0,3,0,0,1,1,1,0,0,1,0,0,0,0,0,-1,-1
zig694006,1,0,0,0,0,3,1,1,1,0,0,0,0,0,0,0,-1,-1
Zidane13140,1,0,0,0,0,3,1,1,1,0,0,0,0,0,0,0,-1,-1
Zevvv,0,1,1,1,1,0,0,0,3,1,2,3,1,0,0,0,-1,-1
Zerallin,0,1,1,1,1,0,0,0,3,1,2,3,0,0,0,27,-1,-1
Zepek315,1,0,0,0,0,3,1,1,1,0,0,0,0,0,0,0,-1,-1
Zeone96,1,0,3,0,0,1,1,1,0,0,1,0,0,0,0,0,-1,-1
Zenx,0,1,1,1,1,0,0,0,3,1,2,3,1,0,0,0,-1,-1
Zelbra,1,0,0,0,0,3,1,1,1,0,0,0,0,0,0,0,-1,-1
Zed93130,1,0,0,0,0,3,1,1,1,0,0,0,0,0,0,0,-1,-1
Ibanez64500,1,0,0,0,0,3,1,1,1,0,0,0,0,0,0,0,-1,-1
Iasses129,1,0,3,0,0,1,1,2,0,0,1,1,0,0,0,0,-1,-1
Iahim94,1,0,3,0,0,1,0,2,0,0,1,1,0,0,0,0,-1,-1
I.Am.Gentil,1,0,0,0,0,3,1,1,1,0,0,0,0,0,0,0,-1,-1
322678011,1,0,0,0,0,3,1,1,1,0,0,0,0,0,0,0,-1,-1
43ekim,1,0,3,0,0,1,1,2,0,0,1,1,0,0,0,0,-1,-1
christ-40250,1,0,0,0,0,1,1,1,1,0,0,0,0,0,0,0,-1,-1
53r6io,0,1,1,1,1,0,0,2,2,1,2,1,0,0,0,12,-1,-1
DeniSan19,1,0,0,0,0,1,1,1,0,0,0,0,0,0,0,0,-1,-1
Demo-Negro,0,1,1,1,1,0,0,0,3,1,2,3,1,0,0,28,-1,-1
Delirante19,1,0,0,0,0,3,1,1,1,0,0,0,0,0,0,0,-1,-1
delinquant,1,0,0,0,0,1,1,1,1,0,0,0,0,0,0,0,-1,-1
Delhabomb,0,1,1,1,1,0,0,0,3,1,2,3,0,0,0,0,-1,-1
delbajo777,1,0,0,0,0,1,1,1,0,0,1,0,0,0,0,0,-1,-1
Delapanpa29,1,0,3,0,0,1,0,2,0,0,1,1,0,0,0,0,-1,-1
Deimandass,1,0,0,0,0,3,1,1,1,0,0,0,0,0,0,0,-1,-1
DeHaszona,1,0,0,0,0,3,1,1,1,0,0,0,0,0,0,0,-1,-1
deetox13,0,2,2,0,2,2,0,2,2,1,1,1,0,1,3,13,-1,-1
DEDETOS64000,1,0,0,0,0,3,1,1,1,0,0,0,0,0,0,0,-1,-1
De.Guzman09,1,0,0,0,0,3,1,1,1,0,0,0,0,0,0,0,-1,-1
Dbermejo,1,0,0,0,0,3,1,1,1,0,0,0,0,0,0,0,-1,-1
Davy_Jones,1,0,0,0,0,3,1,1,1,0,0,0,0,0,0,0,-1,-1
davmi08,1,0,3,0,0,1,0,2,0,0,1,1,0,0,0,0,-1,-1
Davidofff76,1,0,0,0,0,3,1,1,1,0,0,0,0,0,0,0,-1,-1
DavidMI84,1,0,0,0,0,3,1,1,1,0,0,0,0,0,0,0,-1,-1
David8351,1,0,0,0,0,3,1,1,1,0,0,0,0,0,0,0,-1,-1
David35353,0,1,1,1,1,0,0,0,3,1,2,3,0,0,0,0,-1,-1
daveBar2Fer,1,0,0,0,0,3,1,1,1,0,0,0,0,0,0,0,-1,-1
Daubs62,1,0,3,0,0,1,1,2,0,0,1,1,0,0,0,0,-1,-1
Alexluneau,0,1,1,1,1,0,0,0,3,1,2,3,0,0,0,0,-1,-1
alexchov,1,0,0,0,0,3,1,1,1,0,0,0,0,0,0,0,-1,-1
alexbus,1,0,3,0,0,1,1,2,0,0,1,1,0,0,0,0,-1,-1
Alexanchezzz,1,0,0,0,0,3,1,1,1,0,0,0,0,0,0,0,-1,-1
Alex30As,1,0,0,0,0,3,1,1,1,0,0,0,0,0,0,0,-1,-1
alessio2912,1,0,0,0,0,3,1,1,1,0,0,0,0,0,0,0,-1,-1
alesa0013,0,1,1,1,1,0,0,0,3,1,2,3,0,0,0,0,-1,-1
AlcantarAA,1,0,0,0,0,3,1,1,1,0,0,0,0,0,0,0,-1,-1
Denisdu56,1,0,0,0,0,3,1,1,1,0,0,0,0,0,0,0,-1,-1
denithemalic,1,0,3,0,0,1,1,1,0,0,1,0,0,0,0,0,-1,-1
DEPENDANCE85,1,0,0,0,0,3,1,1,1,0,0,0,0,0,0,0,-1,-1
chienne2vie,0,1,1,1,1,0,0,0,3,1,2,1,0,0,0,0,-1,-1
chrisnic11,1,0,0,0,0,3,1,1,1,0,0,0,0,0,0,0,-1,-1
chrislubo,1,0,0,0,0,3,1,1,1,0,0,0,0,0,0,0,-1,-1
Medhy51510,1,0,0,0,0,3,1,1,1,0,0,0,0,0,0,0,-1,-1
Choloo,1,0,0,0,0,3,1,1,1,0,0,0,0,0,0,0,-1,-1
Choche42,1,0,0,0,0,3,1,1,1,0,0,0,0,0,0,0,-1,-1
Chispitas87,0,1,1,1,1,0,0,0,3,1,2,3,0,0,0,0,-1,-1
CHIROMANTA,1,0,0,0,0,3,1,1,0,0,1,0,0,0,0,0,-1,-1
ChipsRobber,1,0,0,0,0,3,1,1,1,0,0,0,0,0,0,0,-1,-1
Chintoxito,1,0,0,1,1,0,1,1,0,0,1,3,0,0,0,0,-1,-1
chinogamer,1,0,0,0,0,3,1,1,0,0,1,0,0,0,0,0,-1,-1
Chingchuang,1,0,0,0,0,3,1,1,1,0,0,0,0,0,0,0,-1,-1
Chimitry,1,0,0,0,0,3,1,1,1,0,0,0,0,0,0,0,-1,-1
chilenoloco,1,0,3,0,0,1,1,1,0,0,1,0,0,0,0,0,-1,-1
Chicchiv,0,1,1,1,1,0,0,0,3,1,2,3,0,0,0,27,-1,-1
DerienMerci,1,0,0,0,0,3,1,1,1,0,0,0,0,0,0,0,-1,-1
CHIBRA46,1,0,0,0,0,3,1,1,1,0,0,0,0,0,0,0,-1,-1
ChertOFFka,1,0,0,0,0,3,1,1,0,0,1,0,0,0,0,0,-1,-1
cherami,1,0,3,0,0,1,1,2,0,0,1,1,0,0,0,0,-1,-1
CHEEPAN,1,0,0,0,0,1,1,1,1,0,0,0,0,0,0,0,-1,-1
checkfold69,1,0,0,0,0,3,1,1,1,0,0,0,0,0,0,0,-1,-1
Chatong,0,1,1,1,1,0,0,0,3,1,2,3,0,0,0,0,-1,-1
ChatonFou,0,1,1,1,1,0,0,0,3,1,2,3,0,0,0,0,-1,-1
Charlou144,1,0,0,0,0,3,1,1,1,0,0,0,0,0,0,0,-1,-1
dfsuadfi,0,1,1,1,1,0,0,0,3,1,2,3,0,0,0,0,-1,-1
dfd41,1,0,0,0,0,3,1,1,1,0,0,0,0,0,0,0,-1,-1
Dexter1008,1,0,0,0,0,3,1,1,1,0,0,0,0,0,0,0,-1,-1
Dexter10000,1,0,3,0,0,1,1,1,0,0,1,0,0,0,0,0,-1,-1
Deumii,1,0,0,1,1,0,1,1,1,0,0,0,0,0,0,0,-1,-1
AlBopp,1,0,0,0,0,1,1,1,0,0,1,0,0,0,0,0,-1,-1
albertigo,1,0,0,0,0,3,1,1,1,0,0,0,0,0,0,0,-1,-1
Alain_Deloin,1,0,0,0,0,3,1,1,1,0,0,0,0,0,0,0,-1,-1
Antiesmo,1,0,0,0,0,3,1,1,1,0,0,0,0,0,0,0,-1,-1
aristark,1,0,0,0,0,3,1,1,1,0,0,0,0,0,0,0,-1,-1
Argent.P.R,0,2,2,0,2,2,0,2,2,1,1,1,0,0,0,12,-1,-1
Arasi22,1,0,3,0,0,1,1,1,0,0,1,0,0,0,0,0,-1,-1
APortiStein,1,0,0,0,0,1,1,1,0,0,1,0,0,0,0,0,-1,-1
ApolloCreed,1,0,0,0,0,1,1,1,1,0,0,0,0,0,0,0,-1,-1
ApgvA,1,0,3,0,0,1,1,1,0,0,1,0,0,0,0,0,-1,-1
Apetit,1,0,0,0,0,1,1,1,1,0,0,0,0,0,0,0,-1,-1
APereira20,0,1,1,1,1,0,0,0,3,1,2,3,0,0,0,0,-1,-1
Antonio19921,0,1,1,1,1,0,0,0,3,1,2,3,0,0,0,0,-1,-1
Antoine551,1,0,0,0,0,3,1,1,1,0,0,0,0,0,0,0,-1,-1
Anto75005,1,0,0,0,0,1,1,1,1,0,0,0,0,0,0,0,-1,-1
Anto15282009,1,0,3,0,0,1,1,2,0,0,1,1,0,0,0,0,-1,-1
Antipapa33,1,0,0,0,0,3,1,1,1,0,0,0,0,0,0,0,-1,-1
Anthotodd,1,0,3,0,0,1,0,2,0,0,1,1,0,0,0,0,-1,-1
ARMANI57000,1,0,3,0,0,1,0,2,2,0,1,1,0,0,0,0,-1,-1
AnthoRoma,1,0,0,0,0,1,0,0,0,1,2,3,0,0,0,0,-1,-1
7DrugsPoker7,1,0,0,0,0,3,1,1,1,0,0,0,0,0,0,0,-1,-1
7COCONUTs,1,0,0,0,0,3,1,1,1,0,0,0,0,0,0,0,-1,-1
7Arc-en-ciel,0,1,1,1,1,0,0,0,3,1,2,2,1,2,0,29,-1,-1
777MORTGANE,1,0,0,0,0,3,1,1,1,0,0,0,0,0,0,0,-1,-1
777charly777,0,1,1,1,1,0,0,0,3,1,2,3,1,0,0,28,-1,-1
74574729C,1,0,0,0,0,3,1,1,1,0,0,0,0,0,0,0,-1,-1
7-YORAM-7,1,0,0,0,0,3,1,1,1,0,0,0,0,0,0,0,-1,-1
6et4onze,0,2,2,0,2,2,0,2,2,0,1,1,0,0,0,3,-1,-1
69seb69,1,0,0,0,0,3,1,1,1,0,0,0,0,0,0,0,-1,-1
66royal,1,0,0,0,0,3,1,1,1,0,0,0,0,0,0,0,-1,-1
62bobi62,1,0,0,0,0,3,1,1,1,0,0,0,0,0,0,0,-1,-1
5fou5,1,0,0,0,0,1,0,0,0,1,2,3,0,0,0,0,-1,-1
Armando13700,1,0,0,0,0,1,1,1,0,0,1,0,0,0,2,21,-1,-1
Arno___44,1,0,0,0,0,3,1,1,1,0,0,0,0,0,0,0,-1,-1
Alainpsg71,1,0,0,0,0,3,1,1,1,0,0,0,0,0,0,0,-1,-1
Axyl_j,0,1,1,1,1,0,0,0,3,1,2,3,0,0,0,28,-1,-1
Alaelaamalti,1,0,3,0,0,3,1,1,0,0,1,0,0,0,0,0,-1,-1
Alacoolax,1,0,0,0,0,1,1,1,0,0,1,0,0,0,0,0,-1,-1
alabien666,1,0,0,0,0,1,1,1,1,0,0,0,0,0,0,0,-1,-1
AL97417,1,0,3,0,0,1,1,1,0,0,1,0,0,0,0,0,-1,-1
al-yasscrimo,0,2,2,0,0,1,1,2,2,0,1,1,0,0,0,0,-1,-1
Akinatorr,0,1,1,1,1,0,0,0,3,1,2,3,0,0,0,0,-1,-1
akforza57,1,0,3,0,0,1,1,1,0,0,1,0,0,0,0,0,-1,-1
Akatoto,1,0,0,0,0,3,1,1,1,0,0,0,0,0,0,0,-1,-1
AK-47K,1,0,3,0,0,1,0,2,2,0,1,1,0,0,0,11,-1,-1
Ahed60,1,0,0,0,0,1,1,1,1,0,0,0,0,0,0,0,-1,-1
Aguirre87,1,0,0,0,0,1,1,1,0,0,1,0,0,0,0,0,-1,-1
Agoliat,1,0,0,0,0,3,1,1,0,0,1,0,0,0,0,0,-1,-1
AGGA41,1,0,0,0,0,3,1,1,1,0,0,0,0,0,0,0,-1,-1
axf1998,0,1,1,1,1,0,1,0,3,1,2,3,0,0,0,0,-1,-1
Arraka1,1,0,3,0,0,3,1,1,0,0,1,0,0,0,0,0,-1,-1
Axelair333,0,1,1,1,1,0,0,0,3,1,2,3,0,0,0,14,-1,-1
aurorep51,1,0,3,0,0,1,1,2,0,0,1,1,0,0,0,0,-1,-1
aurore0611,1,0,0,0,0,1,1,1,0,0,1,0,0,0,0,0,-1,-1
Attila66,1,0,0,0,0,1,1,1,0,0,1,0,0,0,0,0,-1,-1
atrakeator,1,0,3,0,0,1,1,1,0,0,1,0,0,0,0,0,-1,-1
Atgeir,1,0,0,0,0,3,1,1,1,0,0,0,0,0,0,0,-1,-1
AsTUTOven,1,0,0,0,0,3,1,1,1,0,0,0,0,0,0,0,-1,-1
Asticall,1,0,0,0,0,3,1,1,1,0,0,0,0,0,0,0,-1,-1
Asemoun5,1,0,0,0,0,3,0,0,0,1,2,3,0,0,0,0,-1,-1
asa2,1,0,0,0,0,1,1,1,0,0,1,0,0,0,0,0,-1,-1
arykomagik05,0,1,1,1,1,0,0,0,3,1,2,3,0,0,0,0,-1,-1
ArturkaLRG,1,0,0,0,0,3,1,1,1,0,0,0,0,0,0,0,-1,-1
Arthur1017,1,0,3,0,0,3,1,1,1,0,0,0,0,0,0,0,-1,-1
Medhi92100,1,0,0,0,0,3,1,1,1,0,0,0,0,0,0,0,-1,-1
megalodon1,1,0,0,0,0,3,1,1,1,0,0,0,0,0,0,0,-1,-1
medium,1,0,0,0,0,3,1,1,1,0,0,0,0,0,0,0,-1,-1
Celtix59,1,0,3,0,0,1,1,2,0,0,1,1,0,0,0,0,-1,-1
Screech,1,0,0,0,0,3,1,1,1,0,0,0,0,0,0,0,-1,-1
scofield8412,1,0,0,0,0,3,1,1,1,0,0,0,0,0,0,0,-1,-1
ScobarStalin,1,0,0,0,0,3,1,1,1,0,0,0,0,0,0,0,-1,-1
Schref,1,0,0,0,0,3,1,1,1,0,0,0,0,0,0,0,-1,-1
schindler74,1,0,0,0,0,3,1,1,1,0,0,0,0,0,0,0,-1,-1
Scarre24,1,0,0,0,0,3,1,1,1,0,0,0,0,0,0,0,-1,-1
Scaladama,1,0,0,0,0,3,1,1,1,0,0,0,0,0,0,0,-1,-1
Sca27,1,0,0,0,0,3,1,1,1,0,0,0,0,0,0,0,-1,-1
Sbergei,1,0,0,0,0,3,1,1,1,0,0,0,0,0,0,0,-1,-1
Saura007,1,0,3,0,0,1,1,2,0,0,1,1,0,0,0,0,-1,-1
Saul_Goodman,0,1,1,1,1,0,0,0,3,1,2,3,0,0,0,22,-1,-1
Satsuj,1,0,0,0,0,3,1,1,1,0,0,0,0,0,0,0,-1,-1
sashkis,1,0,0,0,0,3,1,1,1,0,0,0,0,0,0,0,-1,-1
Sarbi28000,1,0,3,0,0,1,1,1,0,0,1,0,0,0,0,0,-1,-1
Sara130,1,0,0,0,0,3,1,1,1,0,0,0,0,0,0,0,-1,-1
Saparrow,1,0,0,0,0,3,1,1,1,0,0,0,0,0,0,0,-1,-1
sansa5,0,1,1,0,0,1,0,2,0,1,2,1,0,0,0,0,-1,-1
Sannaki,1,0,0,0,0,3,1,1,1,0,0,0,0,0,0,0,-1,-1
Sandyy94,1,0,0,0,0,3,1,1,1,0,0,0,0,0,0,0,-1,-1
chanceuXXXL,1,0,0,0,0,3,1,1,1,0,0,0,0,0,0,0,-1,-1
ChamoisDub,1,0,0,0,0,3,1,1,1,0,0,0,0,0,0,0,-1,-1
Chaft69700,0,1,1,0,0,1,0,2,0,1,1,1,0,0,0,0,-1,-1
Chadrii83,0,1,1,1,1,0,0,0,3,1,2,2,1,2,0,29,-1,-1
chadriancin,1,0,3,0,0,1,1,1,0,0,1,0,0,0,0,0,-1,-1
Chacal04,1,0,3,0,0,1,1,1,0,0,1,0,0,0,0,0,-1,-1
Chablasse,1,0,0,0,0,1,1,1,1,0,0,0,0,0,0,0,-1,-1
Cha0,1,0,0,0,0,1,1,1,0,0,1,0,0,0,0,0,-1,-1
CFD14,1,0,0,0,0,1,1,1,0,0,1,0,0,0,0,0,-1,-1
Cette.En.S,1,0,0,0,0,3,1,1,1,0,0,0,0,0,0,0,-1,-1
Yo1512,0,2,2,0,2,2,0,2,2,0,1,1,0,0,0,8,-1,-1
Yoan.zz,1,0,3,0,0,1,1,2,2,0,1,1,0,0,0,0,-1,-1
yolo19,1,0,0,1,1,0,1,0,3,1,2,3,0,0,0,0,-1,-1
Zebastien44,1,0,0,0,0,3,1,1,1,0,0,0,0,0,0,0,-1,-1
RouleteRusse,0,2,2,0,2,2,0,2,2,0,1,1,0,0,0,11,-1,-1
Rororo6767,1,0,0,0,0,1,1,1,0,0,1,0,0,0,0,0,-1,-1
Roropoto,1,0,3,0,0,1,1,1,0,0,1,0,0,0,0,0,-1,-1
room2fish,0,1,1,0,0,1,0,2,0,1,1,1,0,0,0,0,-1,-1
ronba,1,0,0,0,0,1,1,1,1,0,0,0,0,0,0,0,-1,-1
Romzer08200,1,0,0,0,0,3,1,1,1,0,0,0,0,0,0,0,-1,-1
ROMPEOJETES,1,0,3,0,0,1,1,2,0,0,1,1,0,0,0,0,-1,-1
Romlouis,1,0,0,0,0,3,1,1,1,0,0,0,0,0,0,0,-1,-1
Romario75016,1,0,0,0,0,3,1,1,1,0,0,0,0,0,0,0,-1,-1
Romain.FB37,1,0,3,0,0,3,1,1,0,0,1,0,0,0,0,0,-1,-1
Rom1l59,1,0,0,0,0,3,1,1,1,0,0,0,0,0,0,0,1,-1
RollingBones,1,0,0,0,0,3,1,1,1,0,0,0,0,0,0,0,-1,-1
RoLiVeR,1,0,0,0,0,3,1,1,1,0,0,0,0,0,0,0,-1,-1
Zbeubiz3000,1,0,0,0,0,1,1,1,0,0,0,0,0,0,0,0,-1,-1
Yoniraaaa,1,0,3,0,0,1,0,2,0,0,1,1,0,0,0,0,-1,-1
zapatovitch,0,2,2,0,0,1,0,2,2,0,1,1,0,0,0,11,-1,-1
Zam801,1,0,0,0,0,3,1,1,1,0,0,0,0,0,0,0,-1,-1
zakhaev13,0,1,1,1,1,0,0,0,3,1,2,2,1,2,0,18,-1,-1
Zachem,1,0,0,0,0,3,1,1,1,0,0,0,0,0,0,0,-1,-1
Zacharie69,1,0,3,0,0,1,1,2,0,0,1,1,0,0,0,0,-1,-1
Zaako76,1,0,0,0,0,3,1,1,1,0,0,0,0,0,0,0,-1,-1
Yuyu1743,1,0,0,0,0,3,1,1,1,0,0,0,0,0,0,0,-1,-1
Yungxrist,0,1,1,1,1,0,0,0,3,1,2,3,0,0,0,0,-1,-1
youstiti,1,0,0,0,0,3,1,1,1,0,0,0,0,0,0,0,-1,-1
Youka24000,1,0,0,0,0,1,1,1,0,0,1,0,0,0,0,0,-1,-1
YouAreObv,0,2,2,0,2,2,0,2,2,0,1,1,0,0,0,3,-1,-1
YOUANDISTARS,1,0,0,0,0,3,1,1,1,0,0,0,0,0,0,0,-1,-1
YoqaFR,0,1,1,1,1,0,0,0,3,1,2,3,1,0,0,28,-1,-1
ceos95,1,0,3,0,0,1,1,1,0,0,1,0,0,0,0,0,-1,-1
CELBETA,1,0,0,0,0,3,1,1,1,0,0,0,0,0,0,0,-1,-1
Justi84,1,0,0,0,0,3,1,1,0,0,1,3,0,0,0,0,-1,-1
CedricWin3.4,1,0,0,0,0,3,1,1,0,0,1,0,0,0,0,0,-1,-1
HellBlade,1,0,0,0,0,3,1,1,1,0,0,0,0,0,0,0,-1,-1
Guytchoumas,0,1,1,1,1,0,0,0,3,1,2,3,0,0,0,0,-1,-1
Gouzmannn,1,0,0,1,1,0,0,0,3,1,2,3,0,0,0,0,-1,-1
Geraldbuv,1,0,3,0,0,1,0,2,2,0,1,1,0,0,0,0,-1,-1
FullTLX,1,0,0,0,0,3,1,1,1,0,0,0,0,0,0,0,-1,-1
FordFairlane,1,0,0,0,0,3,1,1,1,0,0,0,0,0,0,0,-1,-1
fj_full,1,0,0,0,0,3,1,1,1,0,0,0,0,0,0,0,-1,-1
FckUrZZZ,1,0,0,0,0,3,1,1,1,0,0,0,0,0,0,0,-1,-1
eternity1,1,0,0,0,0,3,1,1,1,0,0,0,0,0,0,0,-1,-1
Elijabaley,1,0,0,0,0,3,1,1,1,0,0,0,0,0,0,0,-1,-1
Dybalaa330,1,0,3,0,0,1,1,2,0,0,1,1,0,0,0,0,-1,-1
Karletto,1,0,0,0,0,1,1,1,0,0,1,0,0,0,0,0,-1,-1
Karkasiano,1,0,0,0,0,1,1,1,1,0,0,0,0,0,0,0,-1,-1
KarKar112,1,0,0,0,0,3,1,1,1,0,0,0,0,0,0,0,-1,-1
Kanta9,1,0,0,0,0,3,1,1,0,0,0,0,0,0,0,0,-1,-1
Kamsuper,1,0,0,0,0,3,1,1,1,0,0,0,0,0,0,0,-1,-1
kamehame-,1,0,0,0,0,3,1,1,1,0,0,0,0,0,0,0,-1,-1
KalachNiko,0,1,1,1,1,0,0,0,3,1,2,3,0,0,0,0,4,-1
Kakirabu,1,0,0,0,0,3,1,1,1,0,0,0,0,0,0,0,-1,-1
Kakarot-sama,1,0,0,0,0,3,1,1,0,0,1,0,0,0,0,0,-1,-1
Kajawizalaya,0,2,2,0,2,2,0,2,2,0,1,1,0,0,0,3,-1,-1
Kaiser-kev,1,0,0,0,0,3,1,1,1,0,0,0,0,0,0,0,-1,-1
kais711,1,0,0,0,0,3,1,1,1,0,0,0,0,0,0,0,-1,-1
kaderbess,0,1,1,1,1,0,0,0,3,1,2,3,0,0,0,0,5,-1
KaAlexTichat,1,0,0,0,0,1,1,1,0,0,1,0,0,0,0,0,-1,-1
K4fk4,1,0,0,0,0,3,1,1,1,0,0,0,0,0,0,0,-1,-1
K-toc,1,0,0,0,0,3,1,1,1,0,0,0,0,0,0,0,-1,-1
J_N_C,1,0,3,0,0,1,1,1,0,0,1,0,0,0,0,0,-1,-1
JVTKCLQ,1,0,0,0,0,3,1,1,1,0,0,0,0,0,0,0,-1,-1
IBetForYou,0,2,2,0,2,2,0,2,2,0,1,1,0,0,0,3,-1,-1
Inevor,1,0,3,0,0,1,1,1,0,0,1,0,0,0,0,0,-1,-1
j6q7noooy,1,0,0,0,0,3,1,1,0,0,1,0,0,0,0,0,-1,-1
Thomas.30,0,1,1,1,1,0,1,0,3,1,2,3,0,0,0,0,-1,-1
cedeu892,0,1,1,1,1,0,0,0,3,1,2,2,1,0,0,29,-1,-1
CavaSwiinger,1,0,0,0,0,3,1,1,1,0,0,0,0,0,0,0,-1,-1
Tiin-Tiin77,1,0,0,0,0,3,1,1,1,0,0,0,0,0,0,0,-1,-1
TIGRE306,1,0,3,0,0,1,1,1,0,0,1,0,0,0,0,0,-1,-1
tigergignac,1,0,0,0,0,3,1,1,1,0,0,0,0,0,0,0,2,-1
Tieryallwina,1,0,0,0,0,3,1,1,1,0,0,0,0,0,0,0,-1,-1
TickTock,1,0,0,0,0,3,1,1,1,0,0,0,0,0,0,0,-1,-1
Tibtib77,1,0,0,0,0,3,1,1,1,0,0,0,0,0,0,0,-1,-1
Tiago1000,0,1,1,1,1,0,0,0,3,1,2,3,0,0,0,0,-1,-1
ThyTime,1,0,0,0,0,3,1,1,1,0,0,0,0,0,0,0,-1,-1
Thy77,1,0,0,0,0,3,1,1,1,0,0,0,0,0,0,0,-1,-1
Thoubzy4,1,0,0,0,0,3,1,1,1,0,0,0,0,0,0,0,-1,-1
Thombendz,1,0,0,0,0,1,0,2,0,0,1,1,0,0,0,0,-1,-1
Thierry-raz,0,1,1,1,1,0,0,1,0,0,1,0,0,0,0,0,-1,-1
jamesauce87,1,0,0,0,0,3,1,1,1,0,0,0,0,0,0,0,-1,-1
Thiboss87,1,0,0,0,0,3,1,1,1,0,0,0,0,0,0,0,-1,-1
Thibaeus03,1,0,0,0,0,3,1,1,1,0,0,0,0,0,0,0,-1,-1
thesultanos,1,0,0,0,0,3,1,1,1,0,0,0,0,0,0,0,-1,-1
Theo49FR,1,0,3,0,0,1,1,1,0,0,1,0,0,0,0,0,-1,-1
Theo160115,1,0,0,0,0,3,1,1,1,0,0,0,0,0,0,0,-1,-1
Payolocr7,1,0,0,0,0,3,1,1,1,0,0,0,0,0,0,0,-1,-1
kILtheshark,1,0,0,0,0,1,1,1,0,0,1,0,0,0,0,0,-1,-1
Dogon72700,1,0,0,0,0,3,1,1,1,0,0,0,0,0,0,0,-1,-1
Kevange11360,1,0,0,0,0,3,1,1,1,0,0,0,0,0,0,0,-1,-1
KarmaIsMyDog,1,0,0,0,0,3,1,1,1,0,0,0,0,0,0,0,-1,-1
julitron,0,1,1,1,1,0,1,0,3,1,2,3,0,0,0,0,-1,-1
jorgeYmaria,1,0,0,0,0,3,1,1,1,0,0,0,0,0,0,0,-1,-1
Jesus_klk2,0,1,1,1,1,0,0,0,3,1,2,3,0,0,0,0,-1,-1
Roxybidiby,1,0,0,0,0,3,1,1,1,0,0,0,0,0,0,0,-1,-1
ROYOPOKERAS,0,2,2,0,2,2,0,2,2,0,1,1,0,0,0,0,-1,-1
Ruchaud34877,1,0,0,0,0,3,1,1,1,0,0,0,0,0,0,0,-1,-1
Khalko,0,1,1,1,1,0,0,0,3,1,2,2,1,0,0,14,-1,-1
Jackpop,1,0,0,0,0,3,1,1,1,0,0,0,0,0,0,0,-1,-1
Jackpirat,0,2,2,0,2,2,0,2,2,0,1,1,0,0,0,3,-1,-1
soportemundo,0,1,1,1,1,0,0,0,3,1,2,2,1,0,0,14,-1,-1
Sopkhili,1,0,0,0,0,3,1,1,1,0,0,0,0,0,0,0,-1,-1
soparla07,1,0,0,0,0,3,1,1,1,0,0,0,0,0,0,0,-1,-1
SonuPower,1,0,0,0,0,3,1,1,1,0,0,0,0,0,0,0,-1,-1
Solrac_17,1,0,0,0,0,3,1,1,1,0,0,0,0,0,0,0,-1,-1
solizee,1,0,0,0,0,1,1,1,0,0,1,0,0,0,0,0,-1,-1
SolidNiko159,1,0,0,0,0,3,1,1,1,0,0,0,0,0,0,0,-1,-1
sogoku,1,0,0,0,0,3,1,1,1,0,0,0,0,0,0,0,-1,-1
snupaz,1,0,0,0,0,3,1,1,1,0,0,0,0,0,0,0,-1,-1
snoot,1,0,3,0,0,1,1,1,0,0,1,0,0,0,0,0,-1,-1
Snookysou18,1,0,0,0,0,3,1,1,1,0,0,0,0,0,0,0,-1,-1
Snive,1,0,0,0,0,3,1,1,0,0,0,3,0,0,0,0,-1,-1
Snek13,1,0,0,0,0,3,1,1,1,0,0,0,0,0,0,0,-1,-1
snake5959,1,0,0,0,0,3,1,1,1,0,0,0,0,0,0,0,-1,-1
snail19794,0,1,1,1,1,0,0,0,3,1,2,3,0,0,0,0,5,-1
SmokerTM,1,0,0,0,0,3,1,1,1,0,0,0,0,0,0,0,-1,-1
Smartou66633,1,0,0,0,0,3,1,1,1,0,0,0,0,0,0,0,-1,-1
Smab77,0,1,1,1,1,0,0,0,3,1,2,3,0,0,0,0,-1,-1
laacas1116,1,0,0,0,0,1,1,1,0,0,1,0,0,0,0,0,-1,-1
LA123,1,0,3,0,0,1,1,1,0,0,1,0,0,0,0,0,-1,-1
LA-MABE,0,1,1,1,1,0,0,0,3,1,2,2,1,0,0,14,-1,-1
L1TTLEB1G,1,0,0,0,0,1,1,1,0,0,1,0,0,0,0,0,-1,-1
Kwet31,1,0,0,0,0,1,1,1,0,0,1,0,0,0,0,0,-1,-1
Kwam444,1,0,0,0,0,3,1,1,1,0,0,0,0,0,0,0,-1,-1
Kwaki62,0,2,2,0,2,2,0,2,2,0,1,1,0,0,0,11,-1,-1
kvoth3,1,0,0,0,0,3,1,1,1,0,0,0,0,0,0,0,-1,-1
kurt08,1,0,0,0,0,3,1,1,1,0,0,0,0,0,0,0,-1,-1
JAcKPOTimE,1,0,3,0,0,1,1,2,0,0,1,1,0,0,0,0,-1,-1
Jacky9292,1,0,3,0,0,1,1,2,0,0,1,1,0,0,0,0,-1,-1
Jack_glAss,0,2,2,0,2,2,0,2,2,0,1,1,0,0,0,11,-1,-1
IceZek,1,0,0,0,0,1,1,1,1,0,0,0,0,0,0,0,-1,-1
Inconnu57,0,1,1,1,1,0,0,0,3,1,2,3,0,0,0,0,-1,-1
Incapaz,1,0,0,0,0,3,1,1,1,0,0,0,0,0,0,0,-1,-1
ImPulsark,1,0,0,0,0,3,1,1,1,0,0,0,0,0,0,0,-1,-1
ImLividBuddy,1,0,0,0,0,3,1,1,1,0,0,0,0,0,0,0,-1,-1
Imlahf,0,1,1,1,1,0,0,0,3,1,2,2,0,0,0,14,-1,-1
imapickle,0,1,1,1,1,0,0,0,3,1,2,3,0,0,0,0,-1,-1
IIlIlIlIlII,1,0,0,0,0,3,1,1,1,0,0,0,0,0,0,0,-1,-1
IIIIAIIAIIII,0,2,2,0,2,2,0,2,2,1,1,1,0,0,0,10,-1,-1
II00O00II,1,0,0,0,0,3,1,1,1,0,0,0,0,0,0,0,-1,-1
Ignaciox23,0,1,1,1,1,0,0,0,3,1,2,2,1,0,0,14,-1,-1
idrissou,0,1,1,1,1,0,0,0,0,1,2,3,0,0,0,0,-1,-1
IDIVARA,1,0,0,0,0,1,1,2,0,0,1,1,0,0,0,0,-1,-1
Id-.-bI,1,0,0,0,0,3,1,1,1,0,0,0,0,0,0,0,-1,-1
IceCash13,1,0,0,0,0,1,1,1,0,0,1,0,0,0,0,0,-1,-1
Jacobauto,0,1,1,1,1,0,0,0,3,1,2,3,0,0,0,0,-1,-1
Ibonels,1,0,3,0,0,1,0,2,2,0,1,1,0,0,0,0,-1,-1
James2bb,0,1,1,1,1,0,0,2,2,1,2,1,0,0,0,27,-1,-1
jamba007,1,0,0,0,0,1,1,1,1,0,0,0,0,0,0,0,-1,-1
Jamaidas,1,0,3,0,0,3,1,1,0,0,1,0,0,0,0,0,-1,-1
JaimeManuelR,1,0,0,0,0,3,1,1,1,0,0,0,0,0,0,0,-1,-1
jaimeGUT,1,0,3,0,0,1,1,2,0,0,1,1,0,0,0,0,-1,-1
Jaime8812,0,2,2,0,2,2,0,2,2,0,1,1,0,0,0,1,-1,-1
jai.le.10,1,0,3,0,0,1,0,2,2,0,1,1,0,0,0,0,-1,-1
JahRastaFR,1,0,0,0,0,3,1,1,1,0,0,0,0,0,0,0,-1,-1
Jaguario,1,0,0,0,0,3,1,1,1,0,0,0,0,0,0,0,-1,-1
Jagger08,1,0,0,0,0,3,1,1,1,0,0,0,0,0,0,0,-1,-1
Jafar1999,0,1,1,1,1,0,0,0,3,1,2,3,0,0,0,0,-1,-1
Jade1007,0,2,2,0,2,2,0,2,2,1,1,1,0,0,0,3,-1,-1
Kuper80,1,0,3,0,0,1,1,2,2,0,1,1,0,0,0,0,-1,-1
kro.64,1,0,0,0,0,3,1,1,1,0,0,0,0,0,0,0,-1,-1
Krispat,1,0,0,0,0,1,0,2,0,0,1,1,0,0,0,0,-1,-1
killthefish1,1,0,0,0,0,3,1,1,1,0,0,0,0,0,0,0,-1,-1
stuyck14,1,0,0,0,0,3,1,1,1,0,0,0,0,0,0,0,-1,-1
StrlngerBell,1,0,0,0,0,3,1,1,1,0,0,0,0,0,0,0,-1,-1
StormCiio,1,0,0,0,0,3,1,1,1,0,0,0,0,0,0,0,-1,-1
stifler2A,1,0,0,1,1,0,1,1,1,0,0,3,0,0,0,0,-1,-1
stevo.b,1,0,0,0,0,3,1,1,1,0,0,0,0,0,0,0,-1,-1
Steve54550,1,0,0,1,1,0,1,1,1,0,0,0,0,0,0,0,-1,-1
Stermetus,1,0,0,0,0,3,1,1,1,0,0,0,0,0,0,0,-1,-1
stellartuaz,1,0,0,0,0,3,1,1,1,0,0,0,0,0,0,0,-1,-1
stdole,1,0,0,0,0,3,1,1,1,0,0,0,0,0,0,0,-1,-1
statham16,1,0,0,0,0,1,1,1,1,0,0,0,0,0,0,0,-1,-1
StaRmAlgReMe,1,0,0,0,0,3,1,1,1,0,0,0,0,0,0,0,-1,-1
Stakys,1,0,0,0,0,3,1,1,1,0,0,0,0,0,0,0,-1,-1
killvoice,1,0,0,0,0,3,1,1,1,0,0,0,0,0,0,0,-1,-1
Killler35,0,1,1,1,1,0,0,0,3,1,2,3,0,0,0,0,-1,-1
Suaterna207,1,0,0,0,0,3,1,1,1,0,0,0,0,0,0,0,-1,-1
Killianscal,0,1,1,1,1,0,0,2,2,1,1,1,0,0,0,12,-1,-1
KillerAnonym,1,0,0,0,0,3,1,1,0,0,1,0,0,0,0,0,-1,-1
KILLCHON,1,0,3,0,0,1,0,2,2,0,1,1,0,0,0,0,-1,-1
kiljor,1,0,3,0,0,1,1,1,0,0,1,0,0,0,0,0,-1,-1
Kiki57974,1,0,0,0,0,3,1,1,1,0,0,0,0,0,0,0,-1,-1
Kiki152802,1,0,3,0,0,1,0,2,0,0,1,1,0,0,0,0,-1,-1
kikekik,1,0,3,0,0,1,1,2,0,0,1,1,0,0,0,0,-1,-1
Kijevokotlet,1,0,0,0,0,3,1,1,1,0,0,0,0,0,0,0,-1,-1
KiiiCKAass,0,1,1,1,1,0,0,0,3,1,2,3,0,0,0,0,-1,-1
KidDaangeRr,1,0,0,0,0,3,1,1,1,0,0,0,0,0,0,0,-1,-1
kickass10,1,0,0,0,0,3,1,1,1,0,0,0,0,0,0,0,-1,-1
KibbleHunter,0,1,1,1,1,0,0,0,3,1,2,3,0,0,0,0,-1,-1
Khalo37100,1,0,0,0,0,3,1,1,1,0,0,0,0,0,0,0,-1,-1
STV04,1,0,0,0,0,3,1,1,1,0,0,0,0,0,0,0,-1,-1
Subglobosa,1,0,0,0,0,3,1,1,1,0,0,0,0,0,0,0,-1,-1
krimbow,1,0,0,0,0,1,1,1,0,0,1,0,0,0,0,0,-1,-1
Bfy.71,1,0,0,0,0,3,1,1,1,0,0,0,0,0,0,0,-1,-1
Krayn8,1,0,3,0,0,1,1,1,0,0,1,0,0,0,0,0,-1,-1
KRaull,1,0,0,0,0,3,1,1,1,0,0,0,0,0,0,0,-1,-1
Kramaric,1,0,0,0,0,3,1,1,1,0,0,0,0,0,0,0,-1,-1
koussi-56,1,0,0,0,0,3,1,1,1,0,0,0,0,0,0,0,-1,-1
KosLoh34,1,0,3,0,0,1,1,2,2,0,1,1,0,0,0,0,-1,-1
Korona-virus,1,0,0,0,0,3,1,1,1,0,0,0,0,0,0,0,-1,-1
Korobala,1,0,0,0,0,3,1,1,1,0,0,0,0,0,0,0,-1,-1
BigBang760,1,0,3,0,0,1,1,1,0,0,1,0,0,0,0,0,-1,-1
Bibou343434,0,1,1,1,1,0,0,0,3,1,2,3,0,0,0,28,-1,-1
Bibard00713-,0,2,2,0,2,2,0,2,2,0,1,1,0,0,0,3,-1,-1
bia89,1,0,0,0,0,3,1,1,1,0,0,0,0,0,0,0,-1,-1
bhb13,1,0,0,0,0,3,1,1,1,0,0,0,0,0,0,0,-1,-1
BGPL30,1,0,0,0,0,3,1,1,1,0,0,0,0,0,0,0,-1,-1
Bevakacha26,0,2,2,0,2,2,0,2,2,0,1,1,0,0,0,11,-1,-1
SULTAN19831,1,0,3,0,0,1,1,1,0,0,1,0,0,0,0,0,-1,-1
BetonSec,0,1,1,1,1,0,0,0,3,1,2,2,1,0,0,29,-1,-1
Bet4Fold,0,1,1,1,1,0,0,0,3,1,2,3,0,0,0,0,-1,-1
BESOINDOSEIL,1,0,3,0,0,1,1,1,0,0,1,0,0,0,0,0,-1,-1
Bertixxx,0,1,1,1,1,0,0,0,3,1,2,2,1,2,0,15,-1,-1
Berkamp35,0,1,1,1,1,0,0,0,3,1,2,3,0,0,0,0,-1,-1
ben_dover,1,0,0,0,0,3,1,1,1,0,0,0,0,0,0,0,-1,-1
Benoidekoko,1,0,0,0,0,3,1,1,0,0,0,0,0,0,0,30,-1,-1
Bennj69,0,2,2,0,2,2,0,2,2,0,1,1,0,0,0,6,-1,-1
benitouine,0,1,1,1,1,0,0,0,3,1,2,3,0,0,0,0,-1,-1
Benitoo2922,1,0,0,0,0,3,1,1,0,0,1,0,0,0,0,0,-1,-1
Sunkaya,1,0,0,0,0,3,1,1,1,0,0,0,0,0,0,0,-1,-1
Sunji15,1,0,0,0,0,3,1,1,1,0,0,0,0,0,0,0,-1,-1
summer30,1,0,0,0,0,3,1,1,0,0,1,0,0,0,0,0,-1,-1
Just_Ship_It,1,0,3,0,0,1,0,2,0,0,1,1,0,0,0,0,-1,-1
Justelis13,1,0,0,0,0,1,1,1,0,0,1,0,0,0,0,0,-1,-1
meezee,1,0,0,0,0,3,1,1,1,0,0,0,0,0,0,0,-1,-1
totome74,1,0,3,0,0,1,1,2,0,0,1,1,0,0,0,0,-1,-1
guestone,1,0,3,0,0,1,1,2,0,0,1,1,0,0,0,0,-1,-1
guena14,1,0,0,0,0,3,1,1,1,0,0,0,0,0,0,0,-1,-1
grofud,1,0,0,0,0,3,1,1,1,0,0,0,0,0,0,0,-1,-1
groBerKraK,1,0,0,0,0,3,1,1,1,0,0,0,0,0,0,0,-1,-1
Grizzly54280,1,0,3,0,0,1,0,1,0,0,1,0,0,0,0,0,-1,-1
Grine97,1,0,0,0,0,3,1,1,1,0,0,0,0,0,0,0,-1,-1
Grindersup,0,1,1,1,1,0,0,2,0,1,1,1,0,0,0,0,-1,-1
Grimbert,0,1,1,1,1,0,0,0,3,1,2,3,1,0,0,29,-1,-1
GridouPokPok,1,0,0,0,0,3,1,1,1,0,0,0,0,0,0,0,-1,-1
Greniervic,1,0,3,0,0,1,1,1,0,0,1,0,0,0,0,0,-1,-1
gregousss,1,0,0,0,0,3,1,1,1,0,0,0,0,0,0,0,-1,-1
GreenSellas,1,0,3,0,0,1,1,1,0,0,1,0,0,0,0,0,-1,-1
Greenlaw,1,0,0,0,0,1,1,2,0,0,1,1,0,0,0,0,-1,-1
gratinio31,1,0,3,0,0,1,1,1,0,0,1,0,0,0,0,0,-1,-1
gratemashark,1,0,0,0,0,3,1,1,1,0,0,0,0,0,0,0,-1,-1
grand-jeu,1,0,0,0,0,3,1,1,1,0,0,0,0,0,0,0,-1,-1
Gr33kFreak,1,0,0,0,0,1,1,1,1,0,0,0,0,0,0,0,-1,-1
TurbaMax,0,1,1,1,1,0,0,0,3,1,2,3,0,0,0,0,-1,-1
TrytoGrind53,1,0,0,0,0,3,1,1,1,0,0,0,0,0,0,0,-1,-1
TryBanKier,1,0,0,0,0,3,1,1,0,0,1,0,0,0,0,0,-1,-1
truthteller3,1,0,0,0,0,3,1,1,1,0,0,0,0,0,0,0,-1,-1
Tronkity,1,0,0,0,0,1,1,1,1,0,0,0,0,0,0,0,-1,-1
trapines,0,1,1,1,1,0,0,0,3,1,2,3,0,0,0,27,-1,-1
Trapi82,1,0,0,0,0,3,1,1,1,0,0,0,0,0,0,0,-1,-1
Traktorist,1,0,0,0,0,3,1,1,1,0,0,0,0,0,0,0,-1,-1
Tprayce,0,1,1,1,1,0,0,0,3,1,2,3,0,0,0,0,-1,-1
Tounsi92ii,0,1,1,1,1,0,0,0,3,1,2,3,1,0,0,28,-1,-1
touleron,1,0,3,0,0,1,1,1,0,0,1,0,0,0,0,0,-1,-1
Totu82,1,0,0,0,0,1,1,2,0,0,1,1,0,0,0,0,-1,-1
Guigui8549,0,1,1,0,0,1,0,2,0,1,1,1,0,0,0,0,-1,-1
Guillaume762,1,0,0,0,0,3,1,1,1,0,0,0,0,0,0,0,-1,-1
guilleume44,1,0,3,0,0,1,1,1,0,0,1,0,0,0,0,0,-1,-1
RapaceChove,1,0,0,1,1,0,1,1,1,0,0,0,0,0,0,0,-1,-1
Jezza19,1,0,0,0,0,1,0,1,0,0,1,3,0,0,0,0,-1,-1
jetepard0nne,0,1,1,1,1,0,0,0,3,1,2,3,0,0,0,19,-1,-1
RealGangster,1,0,0,0,0,3,1,1,1,0,0,0,0,0,0,0,-1,-1
Rdvds86,1,0,0,0,0,3,1,1,1,0,0,0,0,0,0,0,-1,-1
rcjazzouille,0,1,1,1,1,0,0,0,3,1,2,3,0,0,0,0,-1,-1
Raza82400,1,0,3,0,0,1,1,1,0,0,1,0,0,0,0,0,-1,-1
Raynaaldo,1,0,0,0,0,3,1,1,1,0,0,0,0,0,0,0,-1,-1
Rayan94000,1,0,0,0,0,3,1,1,1,0,0,0,0,0,0,0,-1,-1
RATTs,0,1,1,1,1,0,0,0,3,1,2,2,1,0,0,14,-1,-1
Ratchon49,1,0,0,0,0,3,1,1,1,0,0,0,0,0,0,0,-1,-1
rasko22,0,1,1,1,1,0,0,0,3,1,2,3,0,0,0,0,-1,-1
raski19855,0,1,1,1,1,0,0,0,3,1,2,3,0,0,0,14,-1,-1
Raqchi,1,0,0,1,1,0,1,1,1,0,0,3,0,0,0,0,-1,-1
Rany,0,1,1,1,1,0,0,0,3,1,2,3,1,0,0,28,-1,-1
gungors,1,0,0,0,0,3,1,1,1,0,0,0,0,0,0,0,2,-1
Ramonelsimio,1,0,0,0,0,3,1,1,1,0,0,0,0,0,0,0,-1,-1
RAIsE_K-P,1,0,0,0,0,3,1,1,1,0,0,0,0,0,0,0,-1,-1
Raina2019,1,0,0,0,0,3,1,1,1,0,0,0,0,0,0,0,-1,-1
RaigersXZ,1,0,0,0,0,3,1,1,1,0,0,0,0,0,0,0,-1,-1
Raichou974,1,0,0,0,0,3,1,1,1,0,0,0,0,0,0,0,-1,-1
rafi1964,1,0,0,0,0,1,1,1,1,0,0,0,0,0,0,0,-1,-1
RaffikiTM,1,0,0,0,0,3,1,1,1,0,0,0,0,0,0,0,-1,-1
R1ckySpan1sh,1,0,0,0,0,3,1,1,1,0,0,0,0,0,0,0,-1,-1
R.Neverbluff,1,0,0,0,0,3,1,1,1,0,0,0,0,0,0,0,-1,-1
R.DesIles,0,2,2,0,2,2,0,2,2,0,1,1,0,0,0,1,-1,-1
guytare13,1,0,3,0,0,1,1,1,0,0,1,0,0,0,0,0,-1,-1
gutu47,1,0,0,0,0,1,1,1,0,0,1,0,0,0,0,0,-1,-1
Guru300k,1,0,0,0,0,3,1,1,1,0,0,0,0,0,0,0,-1,-1
Tottto78,1,0,0,0,0,3,1,1,1,0,0,0,0,0,0,0,-1,-1
Totobedo1986,1,0,0,0,0,3,1,1,1,0,0,0,0,0,0,0,-1,-1
JustBringIt,1,0,3,0,0,1,1,2,0,0,1,1,0,0,0,0,-1,-1
Tosko,1,0,0,0,0,3,1,1,1,0,0,0,0,0,0,0,-1,-1
Louisls,1,0,3,0,0,1,1,1,0,0,1,0,0,0,0,0,-1,-1
Losfloccos,1,0,3,0,0,3,1,1,0,0,1,0,0,0,0,0,-1,-1
Lor-enzo59,0,2,2,0,2,2,0,2,2,0,1,1,0,0,0,3,-1,-1
LooseGame,0,1,1,1,1,0,0,2,2,1,1,1,0,0,0,0,-1,-1
EternalKoru,1,0,0,0,0,1,1,1,0,0,1,0,0,0,0,0,-1,-1
Esclavi33,0,2,2,0,0,1,0,2,2,0,1,1,0,0,0,0,-1,-1
Erwan2fof,1,0,0,0,0,3,1,1,1,0,0,0,0,0,0,0,-1,-1
Eriz02,1,0,0,1,1,0,0,0,3,1,2,3,0,0,0,0,-1,-1
eriomra,1,0,3,0,0,3,1,1,0,0,1,0,0,0,0,0,-1,-1
ErFollo,1,0,0,0,0,3,1,1,1,0,0,0,0,0,0,0,-1,-1
Enzoklf,1,0,3,0,0,1,1,1,0,0,1,0,0,0,0,0,-1,-1
Encore1fois,1,0,0,0,0,3,1,1,1,0,0,0,0,0,0,0,-1,-1
En33my,1,0,0,0,0,3,1,1,1,0,0,0,0,0,0,0,-1,-1
En0kp0kpr0n0,0,1,1,1,1,0,0,0,3,1,2,3,0,0,0,0,-1,-1
el_lisensiao,1,0,0,0,0,3,1,1,1,0,0,0,0,0,0,0,-1,-1
elzizzo,1,0,0,0,0,3,1,1,1,0,0,0,0,0,0,0,-1,-1
Elsaisa,1,0,0,0,0,3,1,1,1,0,0,0,0,0,0,0,-1,-1
ElsaDanse,1,0,0,0,0,1,1,1,0,0,1,0,0,0,0,0,-1,-1
ElProspector,1,0,0,0,0,3,1,1,1,0,0,0,0,0,0,0,-1,-1
ElPoizon,1,0,0,0,0,1,1,2,0,0,1,1,0,0,0,0,-1,-1
elpingz,1,0,0,0,0,1,1,1,0,0,0,0,0,0,0,0,-1,-1
eloludo15,1,0,0,0,0,3,1,1,1,0,0,0,0,0,0,0,-1,-1
Elnini69002,1,0,3,0,0,1,1,1,0,0,1,0,0,0,0,0,-1,-1
elmarocayn,1,0,0,0,0,3,1,1,1,0,0,0,0,0,0,0,-1,-1
Ello66,1,0,0,0,0,3,1,1,1,0,0,0,0,0,0,0,-1,-1
elkitestrike,1,0,3,0,0,1,1,1,0,0,1,0,0,0,0,0,-1,-1
elisa06690,1,0,0,0,0,3,1,1,1,0,0,0,0,0,0,0,-1,-1
Megatron_dl,1,0,0,0,0,3,1,1,1,0,0,0,0,0,0,0,-1,-1
Batielchicha,1,0,0,0,0,3,1,1,1,0,0,0,0,0,0,0,-1,-1
Loulard28,0,2,2,0,2,2,0,2,2,0,1,1,0,1,3,1,-1,-1
Louloi100,1,0,0,0,0,3,1,1,1,0,0,0,0,0,0,0,-1,-1
Loulou26195,1,0,0,0,0,3,1,1,1,0,0,0,0,0,0,0,-1,-1
Luffy13127,0,1,1,1,1,0,0,0,3,1,2,2,1,0,0,29,-1,-1
ToR_TanK,1,0,0,0,0,1,0,2,0,0,1,1,0,0,0,0,3,-1
TortuNinja,0,1,1,1,1,0,0,2,2,1,2,2,0,0,0,12,-1,-1
Torpedo14,1,0,0,0,0,3,1,1,1,0,0,0,0,0,0,0,-1,-1
tony_55,1,0,0,0,0,1,1,1,0,0,1,0,0,0,0,0,-1,-1
TONYWINNER57,1,0,0,0,0,3,1,1,1,0,0,0,0,0,0,0,-1,-1
tonyjoker06,1,0,3,0,0,3,1,1,0,0,1,0,0,0,0,0,-1,-1
tonyegc,1,0,0,0,0,3,1,1,1,0,0,0,0,0,0,0,-1,-1
Tony7659,1,0,0,0,0,1,1,1,0,0,1,0,0,0,0,0,-1,-1
tontonchico,0,2,2,0,2,2,0,2,2,1,1,1,0,0,0,12,-1,-1
ToniMorato,1,0,0,0,0,3,1,1,1,0,0,0,0,0,0,0,-1,-1
Tom_ben59,1,0,3,0,0,1,1,2,0,0,1,1,0,0,0,0,-1,-1
Tomus27,0,1,1,1,1,0,0,2,2,1,1,1,0,0,0,12,-1,-1
Luiloc,1,0,0,0,0,3,1,1,1,0,0,0,0,0,0,0,-1,-1
Ludooow,1,0,3,0,0,1,1,2,0,0,1,1,0,0,0,0,-1,-1
LoveWinamax2,0,1,1,1,1,0,0,0,3,1,2,3,0,0,0,0,-1,-1
ludocam88300,1,0,0,0,0,1,1,2,0,0,1,1,0,0,0,0,-1,-1
Ludo54180,0,1,1,1,1,0,0,0,3,1,2,3,0,0,0,27,-1,-1
ludo131289,0,1,1,1,1,0,0,0,3,1,2,3,0,0,0,0,-1,-1
LuckyPlayer7,1,0,0,0,0,3,1,1,1,0,0,0,0,0,0,0,-1,-1
LuckBox14,1,0,0,0,0,1,1,1,1,0,0,0,0,0,0,0,-1,-1
Luck4Me,1,0,0,0,0,3,1,1,1,0,0,0,0,0,0,0,-1,-1
luciasu,1,0,0,0,0,1,1,1,1,0,0,0,0,0,0,0,-1,-1
luchoTEN,1,0,0,0,0,3,1,1,1,0,0,0,0,0,0,0,-1,-1
lucho1104,1,0,0,0,0,3,1,1,0,0,1,0,0,0,0,0,-1,-1
lucastino23,1,0,3,0,0,1,1,2,0,0,1,1,0,0,0,0,-1,-1
Lucas.ldy,0,1,1,1,1,0,0,0,3,1,2,3,0,0,0,28,-1,-1
lphoenix,0,1,1,1,1,0,0,0,3,1,2,3,1,0,0,29,-1,-1
Lpelos59410,0,1,1,1,1,0,0,0,3,1,2,2,1,0,0,14,-1,-1
JGQM,1,0,0,0,0,3,1,1,1,0,0,0,0,0,0,0,-1,-1
jhonny43,1,0,0,0,0,3,1,1,1,0,0,0,0,0,0,0,-1,-1
jibo1277,0,1,1,1,1,0,0,0,3,1,2,3,0,0,0,0,4,-1
JiBso,0,1,1,0,0,1,0,2,2,1,1,1,0,0,0,0,-1,-1
Timangouste,1,0,0,0,0,3,1,1,1,0,0,0,0,0,0,0,-1,-1
THEGAMBLEUSE,1,0,0,0,0,3,1,1,1,0,0,0,0,0,0,0,-1,-1
TapisSolo,0,1,1,1,1,0,0,0,3,1,2,3,0,0,0,0,-1,-1
SunnyDays,1,0,0,0,0,3,1,1,1,0,0,0,0,0,0,0,-1,-1
Staicks,1,0,0,0,0,3,1,1,1,0,0,0,0,0,0,0,-1,-1
SOSAVEGAS,1,0,0,0,0,3,1,1,1,0,0,0,0,0,0,0,-1,-1
sm391,1,0,0,0,0,3,1,1,1,0,0,0,0,0,0,0,-1,-1
Sicasica,1,0,3,0,0,1,1,1,0,0,1,0,0,0,0,0,-1,-1
Scriptas,1,0,0,0,0,3,1,1,1,0,0,0,0,0,0,0,-1,-1
SAMY13009,0,1,1,1,1,0,0,0,3,1,2,3,0,0,0,0,-1,-1
Ruinamax7518,1,0,0,0,0,3,1,1,1,0,0,0,0,0,0,0,-1,-1
Roddz,1,0,0,0,0,1,1,2,0,0,1,1,0,0,0,7,-1,-1
REDD_JOHN,1,0,0,0,0,3,1,1,1,0,0,0,0,0,0,0,-1,-1
Quitous,1,0,0,0,0,3,1,1,0,0,1,0,0,0,0,0,-1,-1
Popierre,1,0,0,0,0,3,1,1,0,0,1,0,0,0,0,0,-1,-1
pipe-AA-crak,1,0,0,0,0,3,1,1,1,0,0,0,0,0,0,0,-1,-1
P3pI,1,0,0,0,0,3,1,1,1,0,0,0,0,0,0,0,-1,-1
P.Mahomes,1,0,0,0,0,3,1,1,1,0,0,0,0,0,0,0,-1,-1
P.M.pauleta,1,0,3,0,0,1,1,2,0,0,1,1,0,0,0,0,-1,-1
OxJOKERxO,1,0,0,0,0,3,1,1,1,0,0,0,0,0,0,0,-1,-1
Ouss-dz-16,0,1,1,1,1,0,0,0,3,1,2,3,0,0,0,0,-1,-1
Ourssi,0,1,1,1,1,0,0,0,3,1,2,2,1,0,0,27,-1,-1
Ouicmoijaime,1,0,0,0,0,1,1,1,1,0,0,0,0,0,0,0,-1,-1
ouc.,1,0,3,0,0,1,1,1,0,0,1,0,0,0,0,0,-1,-1
Oublier,1,0,0,0,0,1,1,1,0,0,1,0,0,0,0,0,-1,-1
othmane620,1,0,0,0,0,3,1,1,1,0,0,0,0,0,0,0,-1,-1
Ossolesmillo,1,0,0,0,0,3,1,1,1,0,0,0,0,0,0,0,-1,-1
osmova134,0,1,1,1,1,0,0,0,3,1,2,3,0,0,0,0,-1,-1
Orso2b,1,0,0,0,0,3,1,1,1,0,0,0,0,0,0,0,-1,-1
tOMtOMlelion,1,0,0,0,0,3,1,1,1,0,0,0,0,0,0,0,-1,-1
turnoff,1,0,0,0,0,1,1,2,0,0,1,1,0,0,0,0,-1,-1
Vesti71,1,0,0,0,0,3,1,1,1,0,0,0,0,0,0,0,-1,-1
Pok&Pik,1,0,0,0,0,3,1,1,1,0,0,0,0,0,0,0,-1,-1
Poopska,1,0,0,0,0,3,1,1,1,0,0,0,0,0,0,0,-1,-1
Pompinou991,0,1,1,1,1,0,0,0,3,1,2,2,1,0,0,14,-1,-1
Polox006,0,1,1,1,1,0,0,0,3,1,2,3,0,0,0,0,-1,-1
polotiste18,1,0,3,0,0,1,1,1,0,0,1,0,0,0,0,0,-1,-1
Polariss,1,0,0,0,0,1,1,1,0,0,1,0,0,0,0,0,-1,-1
pokpoka,1,0,0,0,0,3,1,1,1,0,0,0,0,0,0,0,-1,-1
Pokostera,1,0,0,0,0,3,1,1,1,0,0,0,0,0,0,0,-1,-1
pokerstein,1,0,0,0,0,1,1,2,0,0,1,1,0,0,0,0,-1,-1
pokerstars75,1,0,0,0,0,1,1,1,1,0,0,0,0,0,0,0,-1,-1
pokerSD.Ace,0,1,1,1,1,0,0,0,3,1,2,3,0,0,0,0,-1,-1
PokerPirat,1,0,0,0,0,3,1,1,1,0,0,0,0,0,0,0,-1,-1
Pokerlagneau,0,2,2,0,2,2,0,2,2,0,1,1,0,0,0,0,-1,-1
pokatherapy,1,0,0,0,0,3,1,1,1,0,0,0,0,0,0,0,-1,-1
Point-relais,0,1,1,1,1,0,0,0,3,1,2,3,0,0,0,0,-1,-1
WidedKh2006,1,0,0,0,0,3,1,1,0,0,1,0,0,0,0,0,-1,-1
poco&poco,1,0,0,0,0,3,1,1,1,0,0,0,0,0,0,0,-1,-1
Plukhead0O,1,0,3,0,0,1,1,1,0,0,1,0,0,0,0,0,-1,-1
plssssss,0,1,1,1,1,0,0,0,3,1,2,2,1,0,0,14,-1,-1
PlsBlind,0,1,1,1,1,0,0,0,3,1,2,3,0,0,0,28,-1,-1
Plazaando,1,0,0,0,0,1,0,0,0,1,2,3,0,0,0,0,3,-1
PLAYERDON,0,1,1,1,1,0,0,0,3,1,2,3,1,0,0,28,-1,-1
PlayerABC,1,0,0,0,0,3,1,1,1,0,0,0,0,0,0,0,-1,-1
player202020,1,0,3,0,0,3,1,1,0,0,1,0,0,0,0,0,-1,-1
Pistache586,0,2,2,0,2,2,0,2,2,0,1,1,0,0,0,11,-1,-1
Piruu,1,0,0,0,0,1,0,1,0,0,1,3,0,0,0,0,3,-1
Zed30,1,0,0,0,0,3,1,1,1,0,0,0,0,0,0,0,-1,-1
Ymmot353535,1,0,0,0,0,1,1,1,0,0,1,0,0,0,0,0,-1,-1
XKoll,0,1,1,1,1,0,0,0,3,1,2,2,1,0,0,14,-1,-1
Oneschool,1,0,3,0,0,1,1,2,0,0,1,1,0,0,0,0,-1,-1
OncleZlatan,1,0,0,0,0,3,1,1,1,0,0,0,0,0,0,0,-1,-1
OMICSSS69,1,0,0,0,0,3,1,1,1,0,0,0,0,0,0,0,1,-1
Wil-lin,1,0,0,0,0,3,1,1,1,0,0,0,0,0,0,0,-1,-1
Winlachiasse,0,2,2,0,2,2,0,2,2,0,1,1,0,0,0,11,-1,-1
Winc51,1,0,0,0,0,3,1,1,1,0,0,0,0,0,0,0,-1,-1
Winazeub2,1,0,0,0,0,3,1,1,1,0,0,0,0,0,0,0,-1,-1
winaramp,1,0,0,0,0,3,1,1,1,0,0,0,0,0,0,0,-1,-1
Winamemoimax,1,0,0,0,0,3,1,1,1,0,0,0,0,0,0,0,-1,-1
WiNaMatt92,1,0,0,0,0,1,1,1,1,0,0,0,0,0,0,0,-1,-1
Winamacke,0,1,1,1,1,0,0,0,3,1,2,3,0,0,0,0,-1,-1
winalaways,1,0,0,0,0,3,1,1,1,0,0,0,0,0,0,0,-1,-1
WinaILoveU,1,0,0,0,0,3,1,1,1,0,0,0,0,0,0,0,-1,-1
WinAfaire,0,1,1,1,1,0,0,0,3,1,2,3,1,0,0,28,-1,-1
Willylebarge,0,1,1,1,1,0,0,0,3,1,2,2,0,0,0,14,-1,-1
Willmatt7,1,0,0,0,0,1,1,1,0,0,0,0,0,0,0,0,-1,-1
Will370,1,0,0,0,0,3,1,1,1,0,0,0,0,0,0,0,-1,-1
Jordinob,1,0,0,0,0,3,1,1,1,0,0,0,0,0,0,0,-1,-1
Wisdomkeeper,1,0,0,0,0,3,1,1,1,0,0,0,0,0,0,0,-1,-1
Jolulu14,1,0,0,0,0,3,1,1,1,0,0,0,0,0,0,0,-1,-1
JokeRiri,1,0,0,0,0,3,1,1,1,0,0,0,0,0,0,0,-1,-1
Johnyfirpo28,1,0,0,0,0,3,1,1,1,0,0,0,0,0,0,0,-1,-1
johnnetvalou,0,1,1,1,1,0,0,2,2,1,2,1,0,0,0,0,-1,-1
Johans1989,1,0,0,0,0,3,1,1,1,0,0,0,0,0,0,0,-1,-1
Joebert10,1,0,0,0,0,3,1,1,1,0,0,0,0,0,0,0,-1,-1
JoB0211,1,0,3,0,0,1,1,1,0,0,1,0,0,0,0,0,-1,-1
joanmarc1982,0,1,1,1,1,0,0,0,3,1,2,3,1,0,0,28,-1,-1
joac10,1,0,0,0,0,3,1,1,1,0,0,0,0,0,0,0,-1,-1
Jo3_333,0,1,1,1,1,0,0,0,3,1,2,2,1,0,0,29,-1,-1
Jo-Acs,1,0,0,0,0,3,1,1,1,0,0,0,0,0,0,0,-1,-1
JKRollimp,1,0,3,0,0,1,1,1,0,0,1,0,0,0,0,0,-1,-1
JIMBO1476,0,1,1,1,1,0,0,0,3,1,2,3,0,0,0,0,-1,-1
winnasko,1,0,3,0,0,3,1,1,0,0,1,0,0,0,0,0,-1,-1
Wizard__,1,0,0,0,0,3,1,1,1,0,0,0,0,0,0,0,-1,-1
Omerboyraz,1,0,3,0,0,1,1,1,0,0,1,0,0,0,0,0,-1,-1
nohrita,1,0,3,0,0,1,1,1,0,0,1,0,0,0,0,0,-1,-1
Omchampionz1,0,1,1,1,1,0,0,0,3,1,2,3,0,0,0,0,5,-1
noxzibe,1,0,3,0,0,1,1,2,0,0,1,1,0,0,0,0,-1,-1
noxblige85,1,0,3,0,0,1,1,1,0,0,1,0,0,0,0,0,-1,-1
Nourse78,1,0,0,0,0,3,1,1,1,0,0,0,0,0,0,0,-1,-1
noulou59,1,0,0,0,0,3,1,1,1,0,0,0,0,0,0,0,-1,-1
NORWOKS21,1,0,0,0,0,1,1,1,0,0,1,0,0,0,0,0,-1,-1
nore1966,1,0,0,0,0,3,1,1,1,0,0,0,0,0,0,0,-1,-1
Noppa06,1,0,0,0,0,1,1,1,0,0,1,0,0,0,0,0,-1,-1
NoPoker57,1,0,0,0,0,3,1,1,1,0,0,0,0,0,0,0,-1,-1
nopa6oTuTeJb,1,0,0,0,0,3,1,1,1,0,0,0,0,0,0,0,-1,-1
nomiquai57,1,0,0,0,0,1,1,1,0,0,1,0,0,0,0,0,-1,-1
Nolethan,1,0,0,0,0,3,1,1,1,0,0,0,0,0,0,0,-1,-1
nokynoky,1,0,3,0,0,3,1,1,0,0,1,0,0,0,0,0,-1,-1
NoDataFound,1,0,0,0,0,3,1,1,1,0,0,0,0,0,0,0,-1,-1
wooood,1,0,0,0,0,3,1,1,1,0,0,0,0,0,0,0,-1,-1
Nodard67810,0,1,1,1,1,0,0,0,3,1,2,3,0,0,0,0,-1,-1
Noam2607,1,0,3,0,0,1,1,2,0,0,1,1,0,0,0,0,-1,-1
NMZ10,1,0,0,0,0,3,1,1,1,0,0,0,0,0,0,0,-1,-1
NmarciKKa1,1,0,0,0,0,3,1,1,1,0,0,0,0,0,0,0,-1,-1
NLFDJ,1,0,0,0,0,3,1,1,1,0,0,0,0,0,0,0,-1,-1
NitsAAmeRRe,1,0,0,0,0,3,1,1,0,0,1,0,0,0,0,0,-1,-1
nireple__,1,0,0,0,0,3,1,1,1,0,0,0,0,0,0,0,-1,-1
XkaX73,1,0,3,0,0,1,1,2,0,0,1,1,0,0,0,0,-1,-1
Xexeldu69,0,1,1,1,1,0,0,0,3,1,2,3,0,0,0,0,-1,-1
xchuimax93x,1,0,0,0,0,3,1,1,1,0,0,0,0,0,0,0,-1,-1
xanderszone,0,1,1,1,1,0,0,0,3,1,2,3,1,0,0,0,-1,-1
xalakahil,1,0,3,0,0,3,1,1,1,0,0,0,0,0,0,0,-1,-1
woula_ladime,1,0,3,0,0,1,0,2,0,0,1,1,0,0,0,0,-1,-1
BBQhairdryer,1,0,0,0,0,3,1,1,1,0,0,0,0,0,0,0,-1,-1
Talanaska,1,0,0,0,0,3,1,1,1,0,0,0,0,0,0,0,-1,-1
BaSx41,1,0,3,0,0,1,1,1,0,0,1,0,0,0,0,0,-1,-1
AnniJasmin69,0,1,1,1,1,0,0,0,3,1,2,3,1,0,0,28,-1,-1
comette93aze,0,1,1,1,1,0,0,0,3,1,2,3,0,0,0,0,-1,-1
colou,1,0,0,0,0,3,1,1,1,0,0,0,0,0,0,0,-1,-1
Colmar68000,1,0,3,0,0,1,1,1,0,0,1,0,0,0,0,0,-1,-1
COLIN2,1,0,0,0,0,3,1,1,1,0,0,0,0,0,0,0,-1,-1
cojzynho,1,0,0,0,0,1,0,1,0,0,1,0,0,0,0,0,-1,-1
COFY131,1,0,0,0,0,3,1,1,1,0,0,0,0,0,0,0,-1,-1
CoffeeKiller,1,0,0,0,0,3,1,1,1,0,0,0,0,0,0,0,-1,-1
Cocoche78,0,1,1,1,1,0,0,0,3,1,2,3,0,0,0,0,-1,-1
Cobrety_199,1,0,0,0,0,3,1,1,1,0,0,0,0,0,0,0,-1,-1
Coachmike080,1,0,0,0,0,3,1,1,1,0,0,0,0,0,0,0,-1,-1
Cmpz,0,1,1,1,1,0,0,0,2,1,2,2,0,0,0,19,-1,-1
Clickeur,0,1,1,1,1,0,0,0,3,1,2,3,1,0,0,28,-1,-1
Cli2f95,1,0,3,0,0,1,1,1,0,0,1,0,0,0,0,0,-1,-1
ClemJ95,1,0,0,0,0,1,1,2,0,0,1,1,0,0,0,0,-1,-1
Clem2621,1,0,0,0,0,3,1,1,1,0,0,0,0,0,0,0,-1,-1
Clarkt13100,1,0,0,0,0,3,1,1,1,0,0,0,0,0,0,0,-1,-1
Ckbabe,1,0,0,0,0,3,1,1,1,0,0,0,0,0,0,0,-1,-1
Ciumpix,1,0,0,0,0,3,1,1,1,0,0,0,0,0,0,0,-1,-1
City974,1,0,3,0,0,1,1,2,0,0,1,1,0,0,0,0,-1,-1
city-verte,1,0,0,0,0,1,1,1,0,0,1,1,0,0,0,0,-1,-1
Cissoudu60,1,0,0,0,0,1,1,1,1,0,0,0,0,0,0,0,-1,-1
Cirolis,1,0,0,0,0,3,1,1,1,0,0,0,0,0,0,0,-1,-1
Fazerone,0,1,1,1,1,0,0,2,3,1,2,1,0,0,0,0,-1,-1
Faufau58,1,0,0,0,0,3,0,1,0,0,2,3,0,0,0,0,-1,-1
Fatimola,0,1,1,1,1,0,0,0,3,1,2,2,1,0,0,14,-1,-1
fatandbald,1,0,0,0,0,3,1,1,1,0,0,0,0,0,0,0,-1,-1
farinato,1,0,3,0,0,1,1,1,0,0,1,0,0,0,0,0,-1,-1
Fara013,1,0,0,0,0,3,1,1,0,0,1,0,0,0,0,0,-1,-1
Fanfan4419,1,0,0,0,0,3,1,1,1,0,0,0,0,0,0,0,-1,-1
Commandoas78,1,0,0,0,0,1,1,2,0,0,1,1,0,0,0,0,-1,-1
Comocago,1,0,3,0,0,1,0,2,2,0,1,1,0,0,0,0,-1,-1
Alexzzz,1,0,0,0,0,3,1,1,1,0,0,0,0,0,0,0,-1,-1
Amoanea,0,1,1,0,0,1,0,2,0,0,1,1,0,0,0,0,-1,-1
AnhhoAAA,0,1,1,0,0,3,0,0,3,1,2,3,0,0,0,0,-1,-1
Anguleiras,1,0,0,0,0,3,1,1,1,0,0,0,0,0,0,0,-1,-1
Angrybird020,1,0,0,0,0,3,1,1,1,0,0,0,0,0,0,0,-1,-1
Anemonesh,1,0,0,0,0,3,1,1,1,0,0,0,0,0,0,0,-1,-1
AndyWarjol,1,0,0,0,0,3,1,1,1,0,0,0,0,0,0,0,-1,-1
Andy92290,1,0,0,0,0,3,1,1,1,0,0,0,0,0,0,0,-1,-1
AndVary,1,0,0,0,0,3,1,1,1,0,0,0,0,0,0,0,-1,-1
AndSha2102,1,0,0,0,0,1,0,2,0,1,1,3,0,0,0,0,-1,-1
Andrea.pirlo,0,1,1,0,0,1,0,2,2,0,1,1,0,0,0,0,-1,-1
Anderrso77,1,0,3,0,0,1,1,1,0,0,1,0,0,0,0,0,-1,-1
Anceschi10,1,0,0,0,0,3,1,1,1,0,0,0,0,0,0,0,-1,-1
Anais274,1,0,0,1,1,0,0,0,3,1,2,3,0,0,0,0,-1,-1
Anadyl,1,0,0,0,0,3,1,1,1,0,0,0,0,0,0,0,-1,-1
AmineZdk,0,2,2,0,2,2,0,2,2,0,1,1,0,1,3,6,-1,-1
alfonsonizo,0,2,2,0,2,2,0,2,2,0,1,1,0,0,0,6,-1,-1
amialie,1,0,0,0,0,3,1,1,1,0,0,0,0,0,0,0,-1,-1
amada21,1,0,0,0,0,3,1,1,1,0,0,0,0,0,0,0,-1,-1
AlvinMLR,0,2,2,0,2,2,0,2,2,0,1,1,0,0,0,1,-1,-1
AllOverBaby,1,0,0,0,0,3,1,1,1,0,0,0,0,0,0,0,-1,-1
allizees,1,0,0,0,0,1,1,1,1,0,0,0,0,0,0,0,-1,-1
AllInThaGame,1,0,0,0,0,3,1,1,1,0,0,0,0,0,0,0,-1,-1
AlliNDeLou1,1,0,0,0,0,3,1,1,1,0,0,0,0,0,0,0,-1,-1
allinamax44,1,0,3,0,0,1,1,1,0,0,1,0,0,0,0,0,-1,-1
Allanoushh,1,0,0,0,0,3,1,1,1,0,0,0,0,0,0,0,-1,-1
alhoceima47,1,0,0,0,0,3,1,1,1,0,0,0,0,0,0,0,-1,-1
algerino44,1,0,0,0,0,3,1,1,1,0,0,0,0,0,0,0,-1,-1
Algerino371,1,0,0,0,0,3,1,1,1,0,0,0,0,0,0,0,-1,-1
ALFushko,1,0,0,0,0,3,1,1,1,0,0,0,0,0,0,0,-1,-1
FalconVL,0,1,1,1,1,0,0,0,3,1,2,3,1,0,0,0,-1,-1
faitchaudici,1,0,0,0,0,3,1,1,1,0,0,0,0,0,0,0,-1,-1
Fahmii,1,0,3,0,0,3,1,1,0,0,1,0,0,0,0,0,-1,-1
IsaacH,1,0,0,0,0,3,1,1,1,0,0,0,0,0,0,0,-1,-1
pot-au-feu,1,0,0,0,0,1,1,1,1,0,0,0,0,0,0,0,-1,-1
PORROS1,1,0,0,0,0,3,1,1,1,0,0,0,0,0,0,0,-1,-1
Porresito89,1,0,0,0,0,3,1,1,1,0,0,0,0,0,0,0,-1,-1
Popoff2,1,0,3,0,0,1,1,1,0,0,1,0,0,0,0,0,-1,-1
J4ck_DA,1,0,3,0,0,1,1,2,0,0,1,1,0,0,0,0,-1,-1
J.JASS,1,0,3,0,0,1,1,1,0,0,1,0,0,0,0,0,-1,-1
J.J.oKKocha,1,0,3,0,0,1,1,1,0,0,1,0,0,0,0,0,-1,-1
Izy_River,1,0,0,0,0,3,1,1,1,0,0,0,0,0,0,0,-1,-1
IxiLauda,1,0,0,0,0,3,1,1,1,0,0,0,0,0,0,0,-1,-1
Ivan_Helsing,1,0,0,0,0,3,1,1,1,0,0,0,0,0,0,0,-1,-1
Ivanisevic2,1,0,3,0,0,1,1,1,0,0,1,0,0,0,0,0,-1,-1
iTyzer,1,0,0,0,0,1,1,1,0,0,0,0,0,0,0,0,-1,-1
Ishac2506,1,0,3,0,0,1,1,2,0,0,1,1,0,0,0,0,-1,-1
Iroas,1,0,0,0,0,3,1,1,1,0,0,0,0,0,0,0,-1,-1
poupouuuuuup,1,0,0,0,0,3,1,1,1,0,0,0,0,0,0,0,-1,-1
Irlydontknow,1,0,0,0,0,3,1,1,1,0,0,0,0,0,0,0,-1,-1
IRLANDES1984,1,0,0,0,0,3,1,1,1,0,0,0,0,0,0,0,-1,-1
irak83136,0,1,1,1,1,0,0,0,3,1,2,3,0,0,0,0,-1,-1
Inspirechub,1,0,0,0,0,3,1,1,1,0,0,0,0,0,0,0,-1,-1
Inkonyto,1,0,0,0,0,3,1,1,0,0,1,0,0,0,0,0,-1,-1
Ingril34,1,0,0,0,0,3,1,1,1,0,0,0,0,0,0,0,-1,-1
InfinityEdge,1,0,0,0,0,3,1,1,1,0,0,0,0,0,0,0,-1,-1
VeryAverage,1,0,0,0,0,3,1,1,1,0,0,0,0,0,0,0,-1,-1
VENGAAA_CONO,0,1,1,1,1,0,0,0,3,1,2,3,0,0,0,0,-1,-1
VEGETA_BABE,1,0,0,0,0,1,0,2,0,1,1,1,0,0,0,0,-1,-1
VebraA,1,0,0,0,0,3,1,1,1,0,0,0,0,0,0,0,-1,-1
Varesse83,1,0,0,0,0,3,1,1,1,0,0,0,0,0,0,0,-1,-1
vanwynen40,1,0,0,0,0,3,1,1,1,0,0,0,0,0,0,0,-1,-1
potoben621,1,0,3,0,0,1,1,1,0,0,1,0,0,0,0,0,-1,-1
PrayforNoob,1,0,3,0,0,1,1,1,0,0,1,0,0,0,0,0,-1,-1
Fagd1993,1,0,0,1,1,0,1,1,1,0,0,3,0,0,0,0,-1,-1
EuropeanNuts,1,0,0,0,0,3,1,1,1,0,0,0,0,0,0,0,-1,-1
facedowassup,0,2,2,0,2,2,0,2,2,0,1,1,0,0,0,1,-1,-1
fAbulousJcK,1,0,3,0,0,1,1,2,0,0,1,1,0,0,0,0,-1,-1
FabienMECH,0,2,2,0,2,2,0,2,2,1,1,1,0,0,0,5,-1,-1
Fabdenice006,1,0,0,0,0,3,1,1,1,0,0,0,0,0,0,0,-1,-1
fab69-38,1,0,0,0,0,3,1,1,1,0,0,0,0,0,0,0,-1,-1
f1tn3ssF1rst,1,0,0,0,0,3,1,1,1,0,0,0,0,0,0,0,-1,-1
F.R.I.D.A.Y.,0,1,1,1,1,0,0,0,3,1,2,2,1,0,0,29,-1,-1
Eytime19,1,0,0,0,0,1,1,1,0,0,1,0,0,0,0,0,-1,-1
Extort,1,0,0,0,0,3,1,1,1,0,0,0,0,0,0,0,-1,-1
Expl0rer,1,0,0,0,0,1,1,1,0,0,1,0,0,0,0,0,-1,-1
exileinspain,1,0,0,0,0,3,1,1,1,0,0,0,0,0,0,0,-1,-1
Evpositive,1,0,3,0,0,1,1,2,2,0,1,1,0,0,0,11,-1,-1
even978,1,0,0,0,0,3,1,1,1,0,0,0,0,0,0,0,-1,-1
etRAISEdetka,1,0,0,0,0,3,1,1,1,0,0,0,0,0,0,0,-1,-1
Prelude48,1,0,0,0,0,3,1,1,1,0,0,0,0,0,0,0,-1,-1
Eternolz,1,0,3,0,0,1,1,1,0,0,1,0,0,0,0,0,-1,-1
Quinoto21,1,0,0,0,0,3,1,1,1,0,0,0,0,0,0,0,-1,-1
quentinINDI,1,0,0,0,0,3,1,1,1,0,0,0,0,0,0,0,-1,-1
quentin01130,0,1,1,1,1,0,0,2,2,1,2,1,0,0,0,0,-1,-1
QIneutre,1,0,3,0,0,1,1,2,0,0,1,1,0,0,0,0,-1,-1
Pyramidas,0,1,1,1,1,0,0,0,3,1,2,3,0,0,0,0,-1,-1
PushIMFamous,1,0,0,0,0,3,1,1,1,0,0,0,0,0,0,0,-1,-1
PuntaMarcel,1,0,0,0,0,3,1,1,1,0,0,0,0,0,0,0,-1,-1
puniseur31,1,0,0,0,0,3,1,1,1,0,0,0,0,0,0,0,-1,-1
Pti-dav14,1,0,0,0,0,1,1,1,0,0,1,0,0,0,0,0,-1,-1
prophet565,1,0,0,0,0,3,1,1,1,0,0,0,0,0,0,0,-1,-1
projektkreda,1,0,0,0,0,3,1,1,1,0,0,0,0,0,0,0,-1,-1
present33,1,0,3,0,0,3,1,1,0,0,1,0,0,0,0,0,-1,-1
anissa27,1,0,0,0,0,3,1,1,1,0,0,0,0,0,0,0,-1,-1
tarzan57430,1,0,0,0,0,3,1,1,1,0,0,0,0,0,0,0,-1,-1
sabotag3,1,0,0,0,0,3,1,1,1,0,0,0,0,0,0,0,-1,-1
tarzandubled,1,0,0,0,0,1,1,1,0,0,1,0,0,0,0,0,-1,-1
Lokty,1,0,0,0,0,1,1,1,0,0,1,0,0,0,0,0,-1,-1
Loco66ko,1,0,0,0,0,3,1,1,1,0,0,0,0,0,0,0,-1,-1
lobbomar,1,0,0,0,0,3,1,1,1,0,0,0,0,0,0,0,-1,-1
lnalabluff,1,0,0,0,0,3,1,1,1,0,0,0,0,0,0,0,-1,-1
liverreal92,1,0,0,0,0,3,1,1,1,0,0,0,0,0,0,0,-1,-1
LittlePoK.,1,0,3,0,0,1,1,1,0,0,1,0,0,0,0,0,-1,-1
Littlefox2,1,0,0,0,0,1,1,1,0,0,1,0,0,0,0,0,-1,-1
Lisandro2806,1,0,0,0,0,1,1,1,0,0,1,0,0,0,0,0,-1,-1
Lisalou57,1,0,0,0,0,3,1,1,1,0,0,0,0,0,0,0,-1,-1
limpiando,1,0,0,0,0,3,1,1,1,0,0,0,0,0,0,0,-1,-1
Limeleamon,1,0,0,0,0,3,1,1,1,0,0,0,0,0,0,0,-1,-1
LIM1313,1,0,0,0,0,3,1,1,1,0,0,0,0,0,0,0,-1,-1
Lilou13000,1,0,0,0,0,3,1,1,1,0,0,0,0,0,0,0,-1,-1
Liliquetsj,1,0,0,0,0,3,1,1,1,0,0,0,0,0,0,0,-1,-1
light5xy,0,1,1,1,1,0,0,0,3,1,2,2,1,0,0,26,-1,-1
Lidsydu,1,0,0,0,0,3,1,1,0,0,1,0,0,0,0,0,-1,-1
LH22,1,0,0,0,0,1,1,1,0,0,1,0,0,0,0,0,-1,-1
le_puepprich,1,0,0,0,0,3,1,1,1,0,0,0,0,0,0,0,-1,-1
LetsPlay77,1,0,0,0,0,1,1,1,1,0,0,0,0,0,0,0,-1,-1
LeTossfou9,0,2,2,0,2,2,0,2,2,0,1,1,0,0,0,1,-1,-1
Lesmarmots,0,1,1,1,1,0,0,0,3,1,2,3,0,0,0,0,-1,-1
Lesil,1,0,3,0,0,1,1,2,0,0,1,1,0,0,0,0,-1,-1
lerom750,1,0,0,0,0,3,1,1,1,0,0,0,0,0,0,0,-1,-1
leptifilou69,1,0,0,0,0,3,1,1,1,0,0,0,0,0,0,0,-1,-1
LePlumeau,1,0,0,0,0,3,1,1,1,0,0,0,0,0,0,0,-1,-1
LePh0queU,1,0,0,0,0,3,1,1,1,0,0,0,0,0,0,0,-1,-1
leotumbling,1,0,0,0,0,3,1,1,1,0,0,0,0,0,0,0,-1,-1
Kokomorocco,1,0,0,0,0,3,1,1,1,0,0,0,0,0,0,0,-1,-1
kokolon,1,0,0,0,0,3,1,1,1,0,0,0,0,0,0,0,-1,-1
lol69zp,1,0,0,0,0,3,1,1,0,0,1,0,0,0,0,0,-1,-1
lolo-lescro,1,0,0,0,0,3,1,1,1,0,0,0,0,0,0,0,-1,-1
lolo24,1,0,3,0,0,1,1,1,0,0,1,0,0,0,0,0,-1,-1
Yaniiis30,1,0,0,0,0,3,1,1,1,0,0,0,0,0,0,0,-1,-1
s92b,1,0,0,0,0,3,1,1,1,0,0,0,0,0,0,0,-1,-1
russiiko.sbd,0,2,2,0,2,2,0,2,2,0,1,1,0,0,0,11,-1,-1
Ruskovstory,1,0,3,0,0,1,1,2,0,0,1,1,0,0,0,0,-1,-1
Rush-A-Poil,1,0,3,0,0,1,1,2,0,0,1,1,0,0,0,0,-1,-1
RuN-GoOd7,1,0,0,0,0,3,1,1,1,0,0,0,0,0,0,0,-1,-1
Ykb13,1,0,0,0,0,1,1,1,0,0,0,0,0,0,0,0,-1,-1
YeZH,1,0,0,0,0,3,1,1,1,0,0,0,0,0,0,0,-1,-1
YesIkn0w,1,0,0,1,1,0,0,0,3,1,2,3,0,0,0,0,-1,-1
Yeistiv571,0,2,2,0,2,2,0,2,2,0,1,1,0,1,3,4,-1,-1
Yaya2103,1,0,0,0,0,3,1,1,1,0,0,0,0,0,0,0,-1,-1
Yassine_Bnmd,0,1,1,1,1,0,0,0,3,1,2,2,1,0,0,27,-1,-1
Yannou97130,0,1,1,1,1,0,0,0,3,1,2,3,1,0,0,29,-1,-1
Yanistkt,1,0,3,0,0,1,1,2,0,0,1,1,0,0,0,0,-1,-1
yan1531,1,0,0,0,0,3,1,1,1,0,0,0,0,0,0,0,-1,-1
Lolo95570,0,2,2,0,2,2,0,2,2,0,1,1,0,0,0,11,-1,-1
Yairai,1,0,0,0,0,1,0,2,0,0,1,1,0,0,0,0,3,-1
xxxlOlxxx,1,0,0,0,0,3,1,1,1,0,0,0,0,0,0,0,-1,-1
XxspinxX,1,0,0,0,0,3,1,1,1,0,0,0,0,0,0,0,-1,-1
XxLoursxX,1,0,0,0,0,3,1,1,1,0,0,0,0,0,0,0,-1,-1
xxampester,1,0,3,0,0,1,1,2,0,0,1,1,0,0,0,0,-1,-1
Xx-xXx-xX,0,1,1,1,1,0,0,0,3,1,2,2,1,0,0,14,-1,-1
XUpswingX,1,0,0,0,0,3,1,1,1,0,0,0,0,0,0,0,-1,-1
XSarasketa,1,0,0,0,0,3,1,1,1,0,0,0,0,0,0,0,-1,-1
xMitch44x,1,0,3,0,0,1,1,1,0,0,1,0,0,0,0,0,-1,-1
xLucreciax,0,1,1,1,1,0,0,0,3,1,2,2,1,0,0,14,-1,-1
london2108,1,0,0,0,0,3,1,1,1,0,0,0,0,0,0,0,-1,-1
Loma93,1,0,3,0,0,1,1,1,0,0,1,0,0,0,0,0,-1,-1
Lolo_91,0,1,1,1,1,0,0,2,2,1,1,1,0,0,0,0,-1,-1
kokojako,0,1,1,1,1,0,0,0,3,1,2,1,0,0,0,0,-1,-1
Koh.Lanta,1,0,0,0,0,3,1,1,1,0,0,0,0,0,0,0,-1,-1
KodymGrey,1,0,0,0,0,3,1,1,1,0,0,0,0,0,0,0,-1,-1
Thanlyin,1,0,0,0,0,3,1,1,1,0,0,0,0,0,0,0,-1,-1
Mouche_56,1,0,3,0,0,1,1,2,0,0,1,1,0,0,0,0,-1,-1
Mosalah13140,1,0,3,0,0,1,1,2,0,0,1,1,0,0,0,0,-1,-1
Morro10,0,1,1,0,0,1,0,0,3,1,2,3,0,0,0,0,-1,-1
Morrera,1,0,0,0,0,3,1,1,1,0,0,0,0,0,0,0,-1,-1
Morganzere,1,0,0,0,0,3,1,1,1,0,0,0,0,0,0,0,-1,-1
Monsterzebre,1,0,0,0,0,3,1,1,1,0,0,0,0,0,0,0,-1,-1
Moncoeur64,1,0,0,0,0,1,1,2,0,0,1,1,0,0,0,0,-1,-1
Momouss07,0,2,2,0,2,2,0,2,2,0,1,1,0,1,3,1,-1,-1
Momobond,1,0,0,0,0,3,1,1,1,0,0,0,0,0,0,0,-1,-1
TheFlyy,1,0,0,0,0,3,1,1,1,0,0,0,0,0,0,0,-1,-1
theflopdru,1,0,0,0,0,3,1,1,1,0,0,0,0,0,0,0,-1,-1
TheFish,1,0,0,0,0,3,1,1,1,0,0,0,0,0,0,0,-1,-1
Thatsallin,1,0,0,0,0,3,1,1,1,0,0,0,0,0,0,0,-1,-1
TGW0411,1,0,0,0,0,3,1,1,1,0,0,0,0,0,0,0,-1,-1
MOUSHKA,1,0,0,0,0,3,1,1,1,0,0,0,0,0,0,0,-1,-1
Tets11,1,0,0,0,0,1,1,1,0,0,1,0,0,0,0,0,-1,-1
tetelle62,1,0,0,0,0,3,1,1,1,0,0,0,0,0,0,0,-1,-1
Tes1Raker,1,0,0,0,0,3,1,1,1,0,0,3,0,0,0,0,-1,-1
TedWan,1,0,0,0,0,3,1,1,1,0,0,0,0,0,0,0,-1,-1
Teddy.KGB59,1,0,0,0,0,1,1,1,0,0,1,0,0,0,0,0,-1,-1
ted-parker,1,0,3,0,0,1,1,1,0,0,1,0,0,0,0,0,-1,-1
TEAMCARVOS,1,0,0,0,0,3,1,1,1,0,0,0,0,0,0,0,-1,-1
tchoc,1,0,0,0,0,3,1,1,1,0,0,0,0,0,0,0,-1,-1
Tchao16coups,1,0,0,0,0,3,1,1,1,0,0,0,0,0,0,0,-1,-1
Tazzouweedow,1,0,0,0,0,3,1,1,1,0,0,0,0,0,0,0,-1,-1
Taz13001,1,0,0,0,0,3,1,1,1,0,0,0,0,0,0,0,-1,-1
Tat21,0,1,1,1,1,0,0,0,3,1,2,3,0,0,0,0,-1,-1
tAsSaDiTE592,1,0,0,0,0,3,1,1,1,0,0,0,0,0,0,0,-1,-1
MOULATE1967,1,0,0,0,0,3,1,1,1,0,0,0,0,0,0,0,-1,-1
Mouss17mouss,0,1,1,1,1,0,0,0,3,1,2,3,1,0,0,0,-1,-1
Knupy,1,0,0,0,0,3,1,1,1,0,0,0,0,0,0,0,-1,-1
KingArturito,1,0,0,0,0,3,1,1,1,0,0,0,0,0,0,0,-1,-1
knocker77,1,0,0,0,0,3,1,1,1,0,0,0,0,0,0,0,-1,-1
Kmetina992,1,0,0,0,0,3,1,1,1,0,0,0,0,0,0,0,-1,-1
Kloww,1,0,0,0,0,3,1,1,1,0,0,0,0,0,0,0,-1,-1
Klassjaan,1,0,0,0,0,3,1,1,0,0,1,3,0,0,0,0,-1,-1
klaidas,1,0,0,0,0,3,1,1,1,0,0,0,0,0,0,0,-1,-1
KKylians,1,0,0,0,0,3,1,1,1,0,0,0,0,0,0,0,-1,-1
KKisamAAx,1,0,0,0,0,1,1,1,0,0,1,0,0,0,0,0,-1,-1
KK-11,1,0,0,0,0,3,1,1,1,0,0,0,0,0,0,0,-1,-1
kirkcossea,0,1,1,1,1,0,0,0,3,1,2,2,1,0,0,14,-1,-1
King_Picsou,1,0,0,0,0,3,1,1,1,0,0,0,0,0,0,0,-1,-1
Kingsbar,1,0,0,0,0,3,1,1,1,0,0,0,0,0,0,0,-1,-1
Kingkongdu38,1,0,0,0,0,3,1,1,1,0,0,0,0,0,0,0,-1,-1
KingFuss,0,1,1,1,1,0,0,0,3,1,2,3,0,0,0,0,-1,-1
kimbras,1,0,0,0,0,3,1,1,1,0,0,0,0,0,0,0,-1,-1
Moustachedor,1,0,0,0,0,3,1,1,1,0,0,0,0,0,0,0,-1,-1
MugiwAArAA,0,1,1,1,1,0,0,0,3,1,2,3,0,0,0,0,-1,-1
Msybl59,1,0,0,0,0,3,1,1,1,0,0,0,0,0,0,0,-1,-1
MSKK33,1,0,0,0,0,3,1,1,1,0,0,0,0,0,0,0,-1,-1
Mr_Mosley006,1,0,0,0,0,3,1,1,0,0,1,0,0,0,0,0,-1,-1
mrvip83,1,0,0,0,0,3,1,1,1,0,0,0,0,0,0,0,-1,-1
MrFabien09,1,0,0,0,0,3,1,1,1,0,0,0,0,0,0,0,-1,-1
MrCuler97,1,0,0,0,0,3,1,1,1,0,0,0,0,0,0,0,-1,-1
MrBigBinch,1,0,0,0,0,3,1,1,1,0,0,0,0,0,0,0,-1,-1
Mr.C93,1,0,0,0,0,1,1,1,0,0,1,0,0,0,0,0,-1,-1
Mr.Asad,1,0,3,0,0,1,1,1,0,0,1,0,0,0,0,0,-1,-1
Mperez17,1,0,0,0,0,1,1,1,0,0,1,0,0,0,0,0,-1,-1
moustique133,1,0,3,0,0,1,1,2,0,0,1,1,0,0,0,0,-1,-1
Mousticks51,1,0,0,0,0,1,1,1,0,0,1,0,0,0,0,0,-1,-1
valtrilodaar,1,0,0,0,0,3,1,1,1,0,0,0,0,0,0,0,-1,-1
valou3711,0,2,2,0,2,2,0,2,2,0,1,1,0,0,0,6,-1,-1
Valou2207,1,0,0,0,0,3,1,1,1,0,0,0,0,0,0,0,-1,-1
Valentinka15,1,0,0,0,0,3,1,1,1,0,0,0,0,0,0,0,2,-1
docteuryes,1,0,0,0,0,3,1,1,1,0,0,0,0,0,0,0,-1,-1
DL2830,1,0,3,0,0,1,0,2,2,0,1,1,0,0,0,0,-1,-1
Dkali,0,2,2,0,2,2,0,2,2,0,1,1,0,0,0,1,-1,-1
DJPeter,1,0,0,0,0,3,1,1,1,0,0,0,0,0,0,0,-1,-1
Djolapastag6,1,0,0,0,0,1,0,1,0,0,1,3,0,0,0,0,-1,-1
djodjo17000,1,0,0,0,0,3,1,1,1,0,0,0,0,0,0,0,-1,-1
Djjax,0,1,1,1,1,0,0,0,3,1,2,3,0,0,0,0,-1,-1
djfinck,1,0,0,0,0,3,1,1,1,0,0,0,0,0,0,0,-1,-1
Djeportos,1,0,0,0,0,3,1,1,1,0,0,0,0,0,0,0,-1,-1
djenk1954,1,0,3,0,0,1,0,2,0,0,1,1,0,0,0,0,-1,-1
Dje23dje,0,1,1,1,1,0,0,0,3,1,2,1,0,0,0,0,-1,-1
DJango7,1,0,0,0,0,1,1,1,0,0,1,0,0,0,0,0,-1,-1
djams1976,1,0,0,0,0,1,1,1,0,0,0,0,0,0,0,0,-1,-1
Diva78190,1,0,0,0,0,3,1,1,1,0,0,0,0,0,0,0,-1,-1
Ditbal,1,0,3,0,0,1,0,2,0,0,1,1,0,0,0,0,-1,-1
diram83,1,0,0,0,0,3,1,1,1,0,0,0,0,0,0,0,-1,-1
DIMITAAAR777,1,0,0,0,0,3,1,1,1,0,0,0,0,0,0,0,-1,-1
dimasik,1,0,0,0,0,3,1,1,1,0,0,0,0,0,0,0,-1,-1
dildoswagins,1,0,0,0,0,3,1,1,1,0,0,0,0,0,0,0,-1,-1
DIFEPP1989,1,0,0,0,0,3,1,1,1,0,0,0,0,0,0,0,-1,-1
diegoestamp,1,0,0,0,0,3,1,1,1,0,0,0,0,0,0,0,-1,-1
Didou9420,1,0,0,0,0,3,1,1,1,0,0,0,0,0,0,0,-1,-1
Dianbobo518,1,0,0,0,0,1,1,1,0,0,1,0,0,0,0,0,-1,-1
Diana29,1,0,3,0,0,1,1,1,0,0,1,1,0,0,0,0,-1,-1
Diamonde,1,0,0,0,0,1,1,1,1,0,0,0,0,0,0,0,-1,-1
Omanew,1,0,3,0,0,1,1,2,0,0,1,1,0,0,0,0,-1,-1
OLLLAN,1,0,3,0,0,3,1,1,1,0,1,0,0,0,0,0,-1,-1
Olivier49130,1,0,0,0,0,1,0,1,0,0,1,0,0,0,0,0,-1,-1
OlevAit,1,0,0,0,0,3,1,1,1,0,0,0,0,0,0,0,-1,-1
Dodg3,1,0,0,0,0,3,1,1,1,0,0,0,0,0,0,0,-1,-1
dodik54,1,0,0,0,0,3,1,1,1,0,0,0,0,0,0,0,-1,-1
1luminatus,1,0,0,0,0,3,1,1,1,0,0,0,0,0,0,0,-1,-1
Darkwar4287,0,1,1,1,1,0,0,0,3,1,2,3,0,0,0,0,4,-1
SerGana15,1,0,0,0,0,3,1,1,1,0,0,0,0,0,0,0,-1,-1
Sept&Deux,0,1,1,1,1,0,0,0,3,1,2,2,1,2,0,29,-1,-1
Sepriva,1,0,0,0,0,3,1,1,1,0,0,0,0,0,0,0,-1,-1
Senshu5944,0,1,1,0,0,1,0,2,0,1,1,1,0,0,0,0,-1,-1
SenninMode16,1,0,0,0,0,3,1,1,1,0,0,0,0,0,0,0,-1,-1
seguradeleon,0,1,1,0,0,1,0,2,0,1,1,1,0,0,0,0,-1,-1
sefo39,1,0,0,0,0,3,1,1,1,0,0,0,0,0,0,0,-1,-1
Seephe,1,0,0,0,0,3,1,1,1,0,0,0,0,0,0,0,-1,-1
seclas01,1,0,0,0,0,3,1,1,1,0,0,0,0,0,0,0,-1,-1
sebthol,1,0,0,0,0,3,1,1,0,0,1,0,0,0,0,0,-1,-1
sebpeace,1,0,0,0,0,3,1,1,1,0,0,0,0,0,0,0,-1,-1
Seade,1,0,0,0,0,3,1,1,1,0,0,0,0,0,0,0,-1,-1
Diablo01420,1,0,0,0,0,3,1,1,1,0,0,0,0,0,0,0,-1,-1
cyril25350,1,0,3,0,0,1,1,2,0,0,1,1,0,0,0,0,-1,-1
7HEn0tor1us,1,0,0,0,0,3,1,1,1,0,0,0,0,0,0,0,-1,-1
compasole,1,0,0,0,0,3,1,1,1,0,0,0,0,0,0,0,-1,-1
ciol2203,0,2,2,0,2,2,0,2,2,0,1,1,0,1,3,16,-1,-1
chapa1010,1,0,3,0,0,1,1,1,0,0,1,0,0,0,0,0,-1,-1
catch5,1,0,0,0,0,3,1,1,0,0,1,0,0,0,0,0,-1,-1
C4RNlV0R,1,0,0,0,0,3,1,1,1,0,0,0,0,0,0,0,-1,-1
borntokill83,1,0,0,0,0,3,1,1,1,0,0,0,0,0,0,0,-1,-1
Biglooseman0,1,0,3,0,0,1,1,2,0,0,1,1,0,0,0,0,-1,-1
Benilopez14,1,0,0,0,0,3,1,1,1,0,0,0,0,0,0,0,-1,-1
BastoKratoR,1,0,0,0,0,3,1,1,1,0,0,0,0,0,0,0,-1,-1
Ayden013,1,0,0,0,0,1,1,2,0,0,1,1,0,0,0,0,-1,-1
anomyous1111,0,2,2,0,2,2,0,2,2,0,1,1,0,0,0,3,-1,-1
Alextwixmen,1,0,0,0,0,1,1,1,0,0,1,0,0,0,0,0,-1,-1
AgatheTheNut,1,0,0,0,0,3,1,1,1,0,0,0,0,0,0,0,-1,-1
Olaf&Sven,1,0,0,0,0,1,1,1,1,0,0,0,0,0,0,0,-1,-1
Ohsofish,1,0,0,0,0,3,1,1,1,0,0,0,0,0,0,0,-1,-1
Ofix28,1,0,0,0,0,3,1,1,0,0,1,0,0,0,0,0,-1,-1
.PARTOUCHE.,1,0,0,0,0,3,1,1,1,0,0,0,0,0,0,0,-1,-1
1croyable,1,0,0,0,0,3,1,1,1,0,0,0,0,0,0,0,-1,-1
18Batistini,0,1,1,1,1,0,0,0,3,1,2,3,0,0,0,0,-1,-1
18032019,1,0,0,0,0,3,1,1,1,0,0,0,0,0,0,0,-1,-1
1415Gg,1,0,0,0,0,1,1,1,1,0,0,0,0,0,0,0,-1,-1
13jabj,1,0,0,0,0,3,1,1,0,0,1,0,0,0,0,0,-1,-1
12judiith,1,0,0,0,0,3,1,1,1,0,0,0,0,0,0,0,-1,-1
123MEVOILA,1,0,0,0,0,3,1,1,1,0,0,0,0,0,0,0,-1,-1
1234Manu1234,1,0,0,0,0,3,1,1,1,0,0,0,0,0,0,0,-1,-1
122-122,0,2,2,0,2,2,0,2,2,1,1,1,0,0,0,23,-1,-1
10JQKAS,0,2,2,0,2,2,0,2,2,1,1,1,0,0,0,12,-1,-1
100000euro,1,0,3,0,0,1,1,1,0,0,1,0,0,0,0,0,-1,-1
1.2.3,1,0,0,0,0,1,1,1,0,0,1,0,0,0,0,0,-1,-1
.Unben1.,1,0,0,0,0,3,1,1,1,0,0,0,0,0,0,0,-1,-1
.MIRAK.59.,1,0,0,0,0,1,1,1,0,0,1,0,0,0,0,0,-1,-1
Jos3hm92,1,0,3,0,0,1,1,2,0,0,1,1,0,0,0,0,-1,-1
.Me_n_Ace.,0,2,2,0,0,1,1,2,2,0,1,1,0,0,0,7,-1,-1
.LastShot.,1,0,0,0,0,3,1,1,1,0,0,0,0,0,0,0,-1,-1
.BON.CHANCE.,1,0,0,0,0,3,1,1,1,0,0,3,0,0,0,0,-1,-1
-Zefox-,1,0,0,0,0,3,1,1,1,0,0,0,0,0,0,0,-1,-1
-UNCLESAM-,1,0,3,0,0,1,1,1,0,0,1,0,0,0,0,0,-1,-1
-sheki-,0,1,1,1,1,0,0,0,3,1,2,3,1,0,0,0,-1,-1
-RudeBet-,1,0,0,0,0,3,1,1,0,0,1,0,0,0,0,0,-1,-1
-PokerGirl.,1,0,0,0,0,3,1,1,1,0,0,0,0,0,0,0,-1,-1
-Othelo-,1,0,0,0,0,3,1,1,1,0,0,0,0,0,0,0,-1,-1
-Libertalia-,1,0,0,0,0,3,1,1,1,0,0,0,0,0,0,0,-1,-1
-jul64-,1,0,0,0,0,3,1,1,1,0,0,0,0,0,0,0,-1,-1
-GOD-,1,0,0,0,0,3,1,1,1,0,0,0,0,0,0,0,-1,-1
-Blondiiie-,1,0,0,0,0,3,1,1,1,0,0,0,0,0,0,0,-1,-1
1FuKable,1,0,0,0,0,3,1,1,1,0,0,0,0,0,0,0,-1,-1
Joseph_1211,0,1,1,1,1,0,0,0,3,1,2,3,0,0,0,27,-1,-1
Ofedez,1,0,3,0,0,1,1,2,0,0,1,1,0,0,0,0,-1,-1
julg78,1,0,3,0,0,1,1,2,0,0,1,1,0,0,0,0,-1,-1
Odinx,1,0,0,0,0,3,1,1,1,0,0,0,0,0,0,0,-1,-1
Odin1974,0,1,1,1,1,0,0,0,3,1,2,2,1,0,0,14,-1,-1
ocicram,1,0,0,0,0,3,1,1,1,0,0,0,0,0,0,0,-1,-1
Obrien44,1,0,0,0,0,1,0,2,0,0,1,1,0,0,0,0,-1,-1
Obolonsky,1,0,0,0,0,3,1,1,1,0,0,0,0,0,0,0,-1,-1
OATS90,1,0,0,0,0,3,1,1,1,0,0,0,0,0,0,0,-1,-1
o0110o,0,1,1,1,1,0,1,0,3,1,2,3,0,0,0,0,-1,-1
nyzzehood,1,0,0,0,0,3,1,1,1,0,0,0,0,0,0,0,-1,-1
NuSouMaBurqa,1,0,0,1,1,0,0,0,3,1,2,3,0,0,0,0,-1,-1
nuroto,1,0,0,0,0,1,1,1,0,0,1,0,0,0,0,0,-1,-1
Nuriavella,1,0,0,0,0,3,1,1,1,0,0,0,0,0,0,0,-1,-1
NSMLM26,1,0,0,0,0,3,1,1,1,0,0,0,0,0,0,0,-1,-1
Julien250814,1,0,0,0,0,3,1,1,1,0,0,0,0,0,0,0,-1,-1
JulesG85,1,0,0,0,0,3,1,1,1,0,0,0,0,0,0,0,-1,-1
josexeresa,0,1,1,1,1,0,0,0,3,1,2,3,0,0,0,19,-1,-1
Jugadorperi,1,0,0,0,0,3,1,1,0,0,1,0,0,0,0,0,-1,-1
Juda221103,0,1,1,1,1,0,0,0,3,1,2,3,1,0,0,14,-1,-1
Juanp89,1,0,0,0,0,1,1,2,0,0,1,1,0,0,0,0,-1,-1
JuanManuel59,1,0,0,0,0,3,1,1,1,0,0,0,0,0,0,0,-1,-1
juankii,0,1,1,0,0,1,0,2,2,1,1,1,0,0,0,0,-1,-1
Juan.j.m.,0,2,2,1,1,0,0,2,2,1,1,1,0,0,0,0,-1,-1
Ju5926,0,1,1,1,1,0,0,0,3,1,2,3,0,0,0,28,-1,-1
JTQQ_AKo22KK,0,1,1,1,1,0,0,0,3,1,2,3,0,0,0,22,-1,-1
jpsix,1,0,0,0,0,3,1,1,1,0,0,0,0,0,0,0,-1,-1
jowy88,1,0,0,0,0,3,1,1,1,0,0,0,0,0,0,0,-1,-1
Joueurlambd4,0,1,1,1,1,0,0,0,3,1,2,3,0,0,0,0,4,-1
josohuma,1,0,3,0,0,1,1,2,0,0,1,1,0,0,0,0,-1,-1
joshuagardon,1,0,0,0,0,3,1,1,1,0,0,0,0,0,0,0,-1,-1
Serxxxx,1,0,0,0,0,3,1,1,1,0,0,0,0,0,0,0,-1,-1
Sevi0,0,1,1,1,1,0,0,0,3,1,2,3,1,0,0,0,-1,-1
SGALOU21,1,0,3,0,0,1,1,1,0,0,1,0,0,0,0,0,-1,-1
Boomboom07,1,0,0,0,0,3,1,1,1,0,0,0,0,0,0,0,-1,-1
Marshall6900,1,0,0,0,0,3,1,1,1,0,0,0,0,0,0,0,-1,-1
marlemagne,1,0,0,0,0,3,1,1,1,0,1,0,0,0,0,0,-1,-1
MariusQB,1,0,0,0,0,3,1,1,1,0,0,0,0,0,0,0,-1,-1
Marisa60,0,2,2,0,2,2,0,2,2,1,1,1,0,0,0,0,-1,-1
mario1400707,1,0,0,0,0,3,1,1,1,0,0,0,0,0,0,0,-1,-1
Marghe57,1,0,0,0,0,3,1,1,1,0,0,0,0,0,0,0,-1,-1
margaut0102,1,0,0,0,0,3,1,1,1,0,0,0,0,0,0,0,-1,-1
marcopaolo,1,0,0,0,0,3,1,1,1,0,0,0,0,0,0,0,-1,-1
Marclanderss,1,0,0,0,0,1,1,1,1,0,0,0,0,0,0,0,-1,-1
Borek,1,0,0,0,0,3,1,1,1,0,0,0,0,0,0,0,-1,-1
Boracay,1,0,0,0,0,1,1,1,1,0,0,0,0,0,0,0,-1,-1
boquipalet,1,0,0,0,0,3,1,1,1,0,0,0,0,0,0,0,-1,-1
BoostMe7,1,0,0,0,0,3,1,1,1,0,0,0,0,0,0,0,-1,-1
Boobszacla,1,0,0,0,0,1,1,1,1,0,0,0,0,0,0,0,-1,-1
martinbkk,1,0,3,0,0,1,1,2,0,0,1,1,0,0,0,0,-1,-1
Bonoteam,0,2,2,0,0,1,0,2,2,0,1,1,0,0,0,7,-1,-1
Bongo40,0,2,2,0,2,2,0,2,2,1,1,1,0,0,0,17,-1,-1
Bogavante,0,1,1,1,1,0,0,0,3,1,2,3,0,0,0,0,-1,-1
boby301087,1,0,0,0,0,3,1,1,1,0,0,0,0,0,0,0,-1,-1
BoboLeBonobo,1,0,0,0,0,3,1,1,1,0,0,0,0,0,0,0,-1,-1
bobebaba,1,0,3,0,0,1,1,2,0,0,1,1,0,0,0,0,-1,-1
BNDgameX,1,0,0,0,0,3,1,1,1,0,0,0,0,0,0,0,-1,-1
Bluffeurfou9,1,0,0,0,0,3,1,1,1,0,0,0,0,0,0,0,-1,-1
BlueZeuxippe,1,0,0,0,0,1,1,1,0,0,1,0,0,0,0,0,-1,-1
BlueEyesWD40,1,0,0,0,0,3,1,1,0,0,1,0,0,0,0,0,-1,-1
Bluebanjo,1,0,3,0,0,1,0,2,2,0,1,1,0,0,0,0,-1,-1
Bladange,1,0,0,0,0,3,1,1,0,0,1,0,0,0,0,0,-1,-1
Blackmmm,1,0,3,0,0,1,1,1,0,0,1,0,0,0,0,0,-1,-1
Martin201908,1,0,0,0,0,3,1,1,1,0,0,0,0,0,0,0,-1,-1
Martinez-59,0,1,1,1,1,0,0,0,3,1,2,3,0,0,0,28,-1,-1
Bjtime,1,0,0,0,0,3,1,1,1,0,0,0,0,0,0,0,-1,-1
Unama-Madita,1,0,0,1,1,0,0,0,3,1,2,3,0,0,0,0,-1,-1
Valejander,1,0,0,0,0,1,0,0,3,1,2,3,0,0,0,0,-1,-1
VaiEProduci,0,1,1,1,1,0,0,0,3,1,2,3,1,0,0,28,-1,-1
Vademecun,1,0,0,0,0,3,1,1,1,0,0,0,0,0,0,0,-1,-1
V0nMises,1,0,0,0,0,3,1,1,1,0,0,0,0,0,0,0,-1,-1
u_suRieR,1,0,3,0,0,1,1,1,0,0,1,0,0,0,0,0,-1,-1
Ushpitz,1,0,0,0,0,1,1,1,1,0,0,0,0,0,0,0,-1,-1
uSadMeGengar,1,0,0,0,0,3,1,1,1,0,0,0,0,0,0,0,-1,-1
Urbe844,1,0,0,0,0,3,1,1,1,0,0,0,0,0,0,0,-1,-1
Urban-78,1,0,0,0,0,1,1,1,0,0,1,0,0,0,0,0,-1,-1
Unnstoppable,1,0,0,0,0,3,1,1,1,0,0,0,0,0,0,0,-1,-1
unknownGosu,1,0,0,0,0,3,1,1,1,0,0,0,0,0,0,0,-1,-1
UndisputeDCM,1,0,0,0,0,3,1,1,1,0,0,0,0,0,0,0,-1,-1
Underworld77,1,0,0,0,0,1,1,1,0,0,1,0,0,0,0,0,-1,-1
Ullatin,1,0,3,0,0,1,1,1,0,0,1,0,0,0,0,0,-1,-1
martinpecheu,1,0,0,0,0,1,1,1,1,0,0,0,0,0,0,0,-1,-1
tyty03,1,0,3,0,0,1,1,1,0,0,1,0,0,0,0,0,-1,-1
Tyson06600,1,0,0,0,0,3,1,1,1,0,0,0,0,0,0,0,-1,-1
tymoterz,1,0,0,0,0,3,1,1,1,0,0,0,0,0,0,0,-1,-1
tycoke,1,0,0,0,0,3,1,1,1,0,0,0,0,0,0,0,-1,-1
Txapil,1,0,0,0,0,3,1,1,1,0,0,0,0,0,0,0,-1,-1
TwentytwoBlk,1,0,0,0,0,3,1,1,1,0,0,0,0,0,0,0,-1,-1
Turtur90,1,0,0,0,0,3,1,1,1,0,0,0,0,0,0,0,0,-1
MatASd0R,1,0,0,0,0,3,1,1,1,0,0,0,0,0,0,0,-1,-1
Matasapos58,0,2,2,0,2,2,0,2,2,1,1,1,0,0,0,10,-1,-1
mat210587,1,0,0,0,0,3,1,1,1,0,0,0,0,0,0,0,-1,-1
mastin67,1,0,0,0,0,3,1,1,1,0,0,0,0,0,0,0,-1,-1
MaryLaGirafe,1,0,0,0,0,3,1,1,1,0,0,0,0,0,0,0,-1,-1
Marvin241091,0,1,1,1,1,0,0,0,3,1,2,3,1,0,0,0,-1,-1
Blabo,1,0,3,0,0,1,0,2,0,0,1,1,0,0,0,0,-1,-1
Bisoux12345,1,0,0,0,0,3,1,1,1,0,0,0,0,0,0,0,-1,-1
ShAAllinMonk,1,0,0,0,0,3,1,1,1,0,0,0,0,0,0,0,-1,-1
shturmanas,1,0,0,0,0,3,1,1,1,0,0,0,0,0,0,0,-1,-1
Galaad88,1,0,3,0,0,1,1,2,0,0,1,1,0,0,0,0,-1,-1
gael1664,1,0,0,0,0,3,1,1,1,0,0,0,0,0,0,0,-1,-1
GADYCA,1,0,0,0,0,3,1,1,1,0,0,0,0,0,0,0,-1,-1
Gabibou,1,0,3,0,0,1,0,2,0,0,1,1,0,0,0,0,-1,-1
Gabakima,1,0,3,0,0,1,1,1,0,0,1,0,0,0,0,0,-1,-1
gAAttAAca,1,0,0,0,0,3,1,1,1,0,0,0,0,0,0,0,-1,-1
G.R.A.,1,0,0,0,0,3,1,1,1,0,0,0,0,0,0,0,-1,-1
Fuuuuuuull,1,0,3,0,0,1,1,2,0,0,1,1,0,0,0,0,-1,-1
Fuuutomakii,1,0,0,0,0,3,1,1,1,0,0,0,0,0,0,0,-1,-1
Futopoulos23,0,2,2,0,2,2,0,2,2,0,1,1,0,0,0,12,-1,-1
funny10,1,0,0,0,0,3,1,1,1,0,0,0,0,0,0,0,-1,-1
Sibet_fold,1,0,0,0,0,3,1,1,0,0,1,0,0,0,0,0,-1,-1
Shxrko,1,0,0,0,0,3,1,1,1,0,0,0,0,0,0,0,-1,-1
ShOwMyPeaNut,1,0,3,0,0,1,1,1,0,0,1,0,0,0,0,0,-1,-1
GalileoG,1,0,0,0,0,3,1,1,1,0,0,0,0,0,0,0,-1,-1
ShooK_,0,1,1,1,1,0,0,0,3,1,2,3,0,0,0,0,-1,-1
Shivaflo,1,0,0,0,0,3,1,1,1,0,0,0,0,0,0,0,-1,-1
Shiningo,1,0,0,0,0,3,1,1,0,0,1,0,0,0,0,0,-1,-1
Shinichi.K,1,0,3,0,0,1,1,1,0,0,1,0,0,0,0,0,-1,-1
Shelby034,1,0,0,1,1,0,1,1,1,0,0,3,0,0,0,0,-1,-1
Shateuz,1,0,0,0,0,3,1,1,1,0,0,0,0,0,0,0,-1,-1
Sharkyyy,1,0,0,0,0,3,1,1,1,0,0,0,0,0,0,0,-1,-1
Sharki94,1,0,3,0,0,1,1,2,0,0,1,1,0,0,0,0,-1,-1
sharkattak51,1,0,3,0,0,1,1,1,0,0,1,0,0,0,0,0,-1,-1
Shark55,0,1,1,1,1,0,0,2,2,1,2,1,0,0,0,12,-1,-1
Sharazan,1,0,3,0,0,1,0,2,2,0,1,1,0,0,0,0,-1,-1
shakyspeed,1,0,0,0,0,3,1,1,0,0,1,0,0,0,0,0,-1,-1
shahine13,1,0,0,0,0,1,1,1,1,0,0,0,0,0,0,0,-1,-1
Galifa13,1,0,0,0,0,3,1,1,1,0,0,0,0,0,0,0,-1,-1
Gallas_27,1,0,0,0,0,1,1,1,1,0,0,0,0,0,0,0,-1,-1
BIPBIP2014,1,0,0,0,0,3,1,1,1,0,0,0,0,0,0,0,-1,-1
Gelu14,1,0,0,0,0,3,1,1,1,0,0,0,0,0,0,0,-1,-1
Billyyyy,1,0,0,0,0,3,1,1,1,0,0,0,0,0,0,0,-1,-1
Billy93420,1,0,0,0,0,3,1,1,1,0,0,0,0,0,0,0,-1,-1
billlet,1,0,0,0,0,1,0,0,0,1,1,3,0,0,0,0,-1,-1
billburr,1,0,0,0,0,3,1,1,1,0,0,0,0,0,0,0,-1,-1
bill3333,1,0,3,0,0,1,1,2,0,0,1,1,0,0,0,0,-1,-1
Big_Donkey,0,1,1,1,1,0,0,0,3,1,2,3,0,0,0,0,-1,-1
BIGMONEY5,1,0,0,0,0,3,1,1,1,0,0,0,0,0,0,0,-1,-1
Ger21,1,0,3,0,0,3,1,1,0,0,1,0,0,0,0,0,-1,-1
gepet720,1,0,0,0,0,1,1,2,0,0,1,1,0,0,0,0,-1,-1
genuiss,1,0,0,0,0,3,1,1,1,0,0,0,0,0,0,0,-1,-1
Genito7,1,0,0,0,0,3,1,1,1,0,0,0,0,0,0,0,-1,-1
Genio0214,1,0,0,0,0,3,1,1,1,0,0,0,0,0,0,0,-1,-1
Gengiskhan,1,0,0,0,0,3,1,1,1,0,0,0,0,0,0,0,-1,-1
GEGROS16,1,0,3,0,0,1,1,2,0,0,1,1,0,0,0,0,-1,-1
Galvanize,1,0,0,0,0,3,1,1,1,0,0,0,0,0,0,0,-1,-1
Gbatistuta88,0,1,1,1,1,0,0,0,3,1,2,3,0,0,0,0,-1,-1
gazz1214,0,1,1,0,0,3,1,1,0,0,1,0,0,0,0,0,-1,-1
GayFrenchGuy,1,0,0,0,0,1,1,2,0,0,1,1,0,0,1,20,-1,-1
gavrosh,1,0,0,0,0,1,1,1,1,0,0,0,0,0,0,0,-1,-1
Gavarini974,1,0,0,0,0,3,1,1,1,0,0,0,0,0,0,0,-1,-1
Gauthier1115,1,0,0,0,0,3,1,1,1,0,1,0,0,0,0,0,-1,-1
Gaspi31,0,1,1,1,1,0,0,0,3,1,2,3,0,0,0,0,-1,-1
garzi98,1,0,3,0,0,1,1,2,0,0,1,1,0,0,0,0,-1,-1
Garrotin118,0,2,2,0,2,2,0,2,2,0,1,1,0,0,0,8,-1,-1
Gaprr,1,0,0,0,0,3,1,1,1,0,0,0,0,0,0,0,-1,-1
ganeshaya,1,0,0,0,0,3,1,1,1,0,0,0,0,0,0,0,-1,-1
ganesha71,0,1,1,1,1,0,0,2,2,1,1,1,0,0,0,0,-1,-1
GANDAGAJO,1,0,0,0,0,3,1,1,1,0,0,0,0,0,0,0,-1,-1
sab69bronx,1,0,0,0,0,3,1,1,1,0,0,0,0,0,0,0,-1,-1
sachasacha63,1,0,0,0,0,3,1,1,1,0,0,0,0,0,0,0,-1,-1
Tango2Yankee,1,0,3,0,0,1,1,1,0,0,1,0,0,0,0,0,-1,-1
LookThatAs,1,0,0,0,0,3,1,1,0,0,1,0,0,0,0,0,-1,-1
Makanani,1,0,3,0,0,1,1,1,0,0,1,0,0,0,0,0,-1,-1
mak5138,1,0,0,0,0,3,1,1,1,0,0,0,0,0,0,0,-1,-1
Major_Tom972,1,0,0,0,0,3,1,1,1,0,0,0,0,0,0,0,-1,-1
Majdoncoco,0,1,1,1,1,0,0,0,3,1,2,3,1,0,0,28,-1,-1
Maicossi,1,0,0,0,0,1,1,1,0,0,1,1,0,0,0,0,-1,-1
Mahistro84,1,0,0,0,0,3,1,1,1,0,0,0,0,0,0,0,-1,-1
Mahery0,1,0,0,0,0,3,1,1,1,0,0,0,0,0,0,0,-1,-1
Magrocolus,0,1,1,1,1,0,0,0,3,1,2,3,0,0,0,0,-1,-1
Magrape,1,0,0,0,0,1,1,1,0,0,1,0,0,0,0,0,-1,-1
magic_and1,1,0,0,0,0,3,1,1,1,0,0,0,0,0,0,0,-1,-1
magicval,1,0,0,0,0,3,1,1,1,0,0,0,0,0,0,0,-1,-1
MadeMyDayPLS,1,0,0,0,0,3,1,1,0,0,1,0,0,0,0,0,-1,-1
machine,1,0,0,0,0,3,1,1,1,0,0,0,0,0,0,0,-1,-1
MAC-GREGOR75,1,0,3,0,0,1,1,1,0,0,1,0,0,0,0,0,-1,-1
m4ck5,0,1,1,1,1,0,0,0,3,1,2,3,0,0,0,0,4,-1
m0ry13,1,0,3,0,0,1,1,1,0,0,1,0,0,0,0,0,-1,-1
M.Safin,1,0,0,0,0,3,1,1,1,0,0,0,0,0,0,0,-1,-1
M.RL,0,1,1,1,1,0,0,0,3,1,2,2,1,0,0,29,-1,-1
L_Espagnol_,1,0,0,0,0,1,1,1,0,0,1,0,0,0,0,0,-1,-1
LyjaEurais,1,0,0,0,0,3,1,1,1,0,0,0,0,0,0,0,-1,-1
Lxr83,1,0,3,0,0,1,1,2,0,0,1,1,0,0,0,0,-1,-1
lvillaar,1,0,0,0,0,1,1,1,0,0,1,0,0,0,0,0,-1,-1
LuKKs33,1,0,3,0,0,1,1,2,0,0,1,1,0,0,0,0,-1,-1
Lukadoncic84,1,0,0,0,0,3,1,1,1,0,0,0,0,0,0,0,-1,-1
Laura855,1,0,3,0,0,3,1,1,0,0,1,0,0,0,0,0,-1,-1
LaTulipfolle,1,0,0,0,0,3,1,1,0,0,1,0,0,0,0,0,-1,-1
LaTulipe86,1,0,0,0,0,3,1,1,0,0,1,0,0,0,0,0,-1,-1
lastutz,1,0,0,0,0,1,1,1,0,0,1,0,0,0,0,0,-1,-1
lasrimk,1,0,0,0,0,3,1,1,1,0,0,0,0,0,0,0,-1,-1
Mako112,1,0,0,0,0,3,1,1,1,0,0,0,0,0,0,0,-1,-1
malammore1,1,0,0,0,0,3,1,1,1,0,0,0,0,0,0,0,-1,-1
MalcolmY,1,0,0,0,0,1,1,1,0,0,1,0,0,0,0,0,-1,-1
Nicolas43800,1,0,0,0,0,3,1,1,1,0,0,0,0,0,0,0,-1,-1
laurent449,1,0,0,0,0,3,1,1,1,0,0,0,0,0,0,0,-1,-1
Laboulastre2,1,0,0,0,0,3,1,1,1,0,0,0,0,0,0,0,-1,-1
konnor13,1,0,3,0,0,3,1,1,0,0,1,0,0,0,0,0,-1,-1
NinouX,1,0,0,0,0,3,1,1,1,0,0,0,0,0,0,0,-1,-1
Nino12850,0,2,2,0,2,2,0,2,2,0,1,1,0,0,0,11,-1,-1
Nim00,1,0,0,0,0,3,1,1,1,0,0,0,0,0,0,0,-1,-1
niloup,1,0,0,0,0,3,1,1,1,0,0,0,0,0,0,0,-1,-1
NikitaParis,1,0,0,0,0,3,1,1,1,0,0,0,0,0,0,0,-1,-1
NiitroZe,0,1,1,1,1,0,0,0,3,1,2,3,0,0,0,0,-1,-1
Niissart,1,0,0,0,0,3,1,1,1,0,0,0,0,0,0,0,-1,-1
NiiicoZombie,1,0,3,0,0,3,1,1,1,0,0,0,0,0,0,0,-1,-1
nicothie6,1,0,0,0,0,3,1,1,1,0,0,0,0,0,0,0,-1,-1
nicomia3451,1,0,0,0,0,3,0,1,0,0,2,3,0,0,0,0,-1,-1
Nicocoscapu,0,1,1,1,1,0,0,0,3,1,2,3,0,0,0,0,-1,-1
Malik25420,1,0,0,0,0,3,1,1,0,0,1,3,0,0,0,0,-1,-1
NiceNameBro,1,0,0,0,0,3,1,1,1,0,0,0,0,0,0,0,-1,-1
NIC0LA,1,0,0,0,0,3,1,1,1,0,0,0,0,0,0,0,-1,-1
NEWS34,1,0,0,0,0,3,1,1,1,0,0,0,0,0,0,0,-1,-1
Nevada66380,1,0,0,0,0,3,1,1,1,0,0,0,0,0,0,0,-1,-1
Netsouco,1,0,0,0,0,3,1,1,1,0,0,0,0,0,0,0,-1,-1
Nesnaya2,1,0,0,0,0,3,1,1,0,0,1,0,0,0,0,0,-1,-1
NepasTilter,1,0,3,0,0,1,1,1,0,0,1,0,0,0,0,0,-1,-1
Neolizard,1,0,0,0,0,1,1,1,0,0,1,0,0,0,0,0,-1,-1
NENE86,1,0,0,0,0,3,1,1,1,0,0,0,0,0,0,0,-1,-1
Negroiide,1,0,3,0,0,1,1,1,1,0,0,0,0,0,0,0,-1,-1
negreano1,1,0,3,0,0,3,1,1,0,0,1,0,0,0,0,0,-1,-1
Need-_-Money,1,0,0,0,0,3,1,1,1,0,0,0,0,0,0,0,-1,-1
nawar23,1,0,0,0,0,3,1,1,1,0,0,0,0,0,0,0,-1,-1
Lasdbretons,1,0,0,0,0,3,1,1,1,0,0,0,0,0,0,0,-1,-1
lartiste12,0,2,2,0,0,1,0,2,2,0,1,1,0,0,0,0,-1,-1
LaRiflette33,1,0,0,0,0,3,1,1,1,0,0,0,0,0,0,0,-1,-1
pinshot,1,0,0,0,0,3,1,1,1,0,0,0,0,0,0,0,-1,-1
Mica2017,1,0,3,0,0,1,1,1,0,0,1,0,0,0,0,0,-1,-1
MGNEP,1,0,0,0,0,1,1,1,0,0,1,0,0,0,0,0,-1,-1
MGLRGPD,1,0,0,0,0,3,1,1,1,0,0,0,0,0,0,0,-1,-1
Mfirst,1,0,0,0,0,1,1,1,1,0,0,0,0,0,0,0,-1,-1
MeVaCaer,1,0,0,0,0,3,1,1,1,0,0,0,0,0,0,0,-1,-1
Merza31,1,0,0,0,0,3,1,1,0,0,1,0,0,0,0,0,-1,-1
Mentos14,1,0,0,0,0,1,0,2,0,0,1,1,0,0,0,0,3,-1
menbati-nc,1,0,0,0,0,1,1,2,0,0,1,1,0,0,0,0,-1,-1
melyssakaiss,1,0,0,0,0,3,1,1,1,0,0,0,0,0,0,0,-1,-1
Mellyyy,1,0,0,0,0,3,1,1,1,0,0,0,0,0,0,0,-1,-1
Mejutotito,1,0,0,0,0,3,1,1,1,0,0,0,0,0,0,0,-1,-1
Mehdinhoo187,1,0,0,0,0,1,1,1,1,0,0,0,0,0,0,0,-1,-1
mehdi-06200,1,0,3,0,0,1,1,1,0,0,1,0,0,0,0,0,-1,-1
Pierrusbbg,1,0,0,0,0,3,1,1,1,0,0,0,0,0,0,0,-1,-1
Mich.Lyon,1,0,0,0,0,3,1,1,1,0,0,0,0,0,0,0,-1,-1
pierre-o2a,1,0,0,0,0,1,1,1,0,0,1,0,0,0,0,0,-1,-1
Pierdvl,1,0,3,0,0,3,1,1,0,0,1,0,0,0,0,0,-1,-1
Phanes19,1,0,3,0,0,3,1,1,0,0,1,0,0,0,0,0,-1,-1
Pfcash13,1,0,0,0,0,3,1,1,1,0,0,0,0,0,0,0,-1,-1
petrouchka85,1,0,0,0,0,3,1,1,1,0,0,0,0,0,0,0,-1,-1
petitninja77,1,0,0,0,0,3,1,1,1,0,0,0,0,0,0,0,-1,-1
PeteNx,1,0,0,0,0,3,1,1,1,0,0,0,0,0,0,0,-1,-1
Pesquier83,1,0,3,0,0,1,1,1,1,0,0,0,0,0,0,0,-1,-1
persifleur,0,1,1,1,1,0,0,0,3,1,2,2,1,0,0,14,-1,-1
pepsdu42,1,0,0,0,0,3,1,1,1,0,0,0,0,0,0,0,-1,-1
Peppa.Pig,1,0,0,0,0,3,1,1,1,0,0,0,0,0,0,0,-1,-1
Pepitecarat,1,0,3,0,0,1,0,2,2,0,1,1,0,0,0,0,-1,-1
Peperross,1,0,0,0,0,3,1,1,1,0,0,0,0,0,0,0,-1,-1
Micent83,1,0,3,0,0,1,1,1,0,0,1,0,0,0,0,0,-1,-1
MichaelSA78,1,0,0,0,0,1,1,2,0,0,1,1,0,0,0,0,-1,-1
Larhader5,0,1,1,1,1,0,0,0,3,1,2,3,0,0,0,0,-1,-1
lacite69,1,0,0,0,0,3,1,1,1,0,0,0,0,0,0,0,-1,-1
Lapiche,1,0,0,0,0,3,1,1,1,0,0,0,0,0,0,0,-1,-1
Land13,1,0,0,0,0,3,1,1,1,0,0,0,0,0,0,0,-1,-1
Lamoula9213,1,0,0,0,0,3,1,1,1,0,0,0,0,0,0,0,-1,-1
lamala97,0,1,1,1,1,0,0,0,3,1,2,3,0,0,0,0,-1,-1
lakichta57,1,0,0,0,0,1,0,2,0,0,1,1,0,0,0,0,-1,-1
Laigles,1,0,0,0,0,3,1,1,1,0,0,0,0,0,0,0,-1,-1
Lagroxanne99,1,0,0,0,0,3,1,1,1,0,0,0,0,0,0,0,-1,-1
Lafofolledu2,1,0,0,1,1,0,0,0,3,1,2,3,0,0,0,0,-1,-1
LAFEE17,0,1,1,1,1,0,0,0,3,1,2,3,1,0,0,29,-1,-1
Lafari31,1,0,0,0,0,3,1,1,1,0,0,0,0,0,0,0,-1,-1
Lacroixaudau,0,2,2,0,2,2,0,2,2,1,1,1,0,0,0,12,-1,-1
LACRIM85PKY,1,0,0,0,0,3,1,1,1,0,0,0,0,0,0,0,-1,-1
Laclasse81,1,0,0,0,0,3,1,1,1,0,0,0,0,0,0,0,-1,-1
Laciana640,1,0,0,0,0,3,1,1,0,0,1,0,0,0,0,0,-1,-1
michel3869,1,0,0,0,0,3,1,1,1,0,0,0,0,0,0,0,-1,-1
Lacart1210,0,1,1,1,1,0,0,0,3,1,2,3,0,0,0,14,-1,-1
LabraxOcc34,1,0,0,0,0,1,0,2,0,0,1,1,0,0,0,0,-1,-1
Mike3388,1,0,0,0,0,3,1,1,1,0,0,0,0,0,0,0,-1,-1
MikaFMA,0,1,1,1,1,0,0,0,3,1,2,3,0,0,0,27,-1,-1
Miiniipouce9,0,2,2,0,2,2,0,2,2,0,1,1,0,0,0,1,-1,-1
MIIIIRi,1,0,3,0,0,1,1,2,0,0,1,1,0,0,0,0,-1,-1
Mihail44,1,0,3,0,0,1,1,1,0,0,1,0,0,0,0,0,-1,-1
Miguelpol86,1,0,0,0,0,3,1,1,1,0,0,0,0,0,0,0,-1,-1
MigueliPK,0,1,1,1,1,0,1,0,3,1,2,3,0,0,0,0,-1,-1
Midmid39,0,1,1,1,1,0,0,0,3,1,2,3,0,0,0,0,-1,-1
microbe-2534,1,0,0,0,0,3,1,1,1,0,0,0,0,0,0,0,-1,-1
Mickazen,0,1,1,1,1,0,0,0,3,1,2,3,0,0,0,0,-1,-1
MickaaaaL,0,2,2,0,2,2,0,2,2,0,1,1,0,0,0,1,-1,-1
leosilvera8,1,0,0,0,0,1,0,2,0,1,2,3,0,0,0,0,-1,-1
Luisalduru,1,0,0,0,0,1,1,1,0,0,1,0,0,0,0,0,-1,-1
Salchi28,1,0,0,0,0,1,1,2,0,0,1,1,0,0,0,0,-1,-1
malit0m,0,1,1,1,1,0,0,0,3,1,2,3,1,0,0,28,-1,-1
Kenza2612,1,0,0,0,0,3,1,1,1,0,0,0,0,0,0,0,-1,-1
Kenlamb77,1,0,0,0,0,1,1,1,1,0,0,0,0,0,0,0,-1,-1
KENAVO82,1,0,0,0,0,3,1,1,1,0,0,0,0,0,0,0,-1,-1
Kemetic,1,0,0,0,0,3,1,1,1,0,0,0,0,0,0,0,-1,-1
Kellanved,1,0,0,0,0,3,1,1,1,0,0,0,0,0,0,0,-1,-1
kedner,0,1,1,1,1,0,0,0,3,1,2,3,0,0,0,0,-1,-1
Ke4nurivers,0,1,1,1,1,0,0,0,3,1,2,3,1,0,0,29,-1,-1
Kayzer120,1,0,0,0,0,3,1,1,1,0,0,0,0,0,0,0,-1,-1
Katsubo,1,0,0,0,0,3,1,1,1,0,0,0,0,0,0,0,-1,-1
Kathoi,1,0,0,0,0,3,1,1,1,0,0,0,0,0,0,0,-1,-1
Kaspa84,0,1,1,1,1,0,0,0,3,1,2,3,0,0,0,0,5,-1
Karzaiyass,1,0,0,0,0,3,1,1,1,0,0,0,0,0,0,0,-1,-1
GoteborgNL,1,0,0,0,0,3,1,1,1,0,0,0,0,0,0,0,-1,-1
Got.d,1,0,0,0,0,3,1,1,0,0,1,0,0,0,0,0,-1,-1
goonh,1,0,0,0,0,1,0,2,0,0,1,1,0,0,0,0,-1,-1
Goofy2011,1,0,3,0,0,1,0,2,2,0,1,1,0,0,0,0,-1,-1
Golive973,1,0,0,0,0,3,1,1,0,0,1,0,0,0,0,0,-1,-1
Golini88,0,1,1,0,0,1,0,2,0,1,1,3,0,0,0,0,-1,-1
golgott7,0,1,1,1,1,0,0,2,2,1,2,1,0,0,0,12,-1,-1
Goldbollocks,1,0,0,0,0,3,1,1,1,0,0,0,0,0,0,0,-1,-1
Gobbyarevalo,1,0,3,0,0,1,0,2,2,0,1,1,0,0,0,0,-1,-1
gmeme69,1,0,0,0,0,3,1,1,1,0,0,0,0,0,0,0,-1,-1
gKStark,1,0,0,0,0,3,1,1,1,0,0,0,0,0,0,0,-1,-1
Gknl01,1,0,0,0,0,3,1,1,1,0,0,0,0,0,0,0,-1,-1
Givenchy5,1,0,0,0,0,3,1,1,1,0,0,0,0,0,0,0,-1,-1
GirouCS,1,0,0,0,0,3,1,1,1,0,0,0,0,0,0,0,0,-1
GiominatoR,1,0,0,0,0,1,0,1,0,0,1,3,0,0,0,0,-1,-1
gihebr69,1,0,0,0,0,3,1,1,1,0,0,0,0,0,0,0,-1,-1
GIGINUTS,1,0,0,0,0,3,1,1,1,0,0,0,0,0,0,0,-1,-1
kenzass,0,1,1,1,1,0,0,2,2,1,1,1,0,0,0,12,-1,-1
Kerloldewulf,1,0,0,0,0,3,1,1,1,0,0,0,0,0,0,0,-1,-1
Kerminou,1,0,0,0,0,3,1,1,1,0,0,0,0,0,0,0,-1,-1
t.w.i.m.,1,0,0,0,0,3,1,1,1,0,0,0,0,0,0,0,-1,-1
Tamonten,1,0,0,0,0,3,1,1,1,0,0,0,0,0,0,0,-1,-1
Tallee,1,0,0,0,0,3,1,1,1,0,0,0,0,0,0,0,-1,-1
Taliani-34,1,0,0,0,0,3,1,1,1,0,0,0,0,0,0,0,-1,-1
-Asdesbads-,1,0,3,0,0,1,1,1,0,0,1,0,0,0,0,0,-1,-1
Taiwan69,0,1,1,1,1,0,0,0,3,1,2,2,0,0,0,14,-1,-1
tairhajoh,1,0,0,0,0,3,1,1,1,0,0,0,0,0,0,0,-1,-1
Tahiti01,1,0,3,0,0,3,1,1,0,0,1,0,0,0,0,0,-1,-1
Taghuerr,1,0,3,0,0,1,1,1,0,0,1,0,0,0,0,0,-1,-1
Tacco13,1,0,0,0,0,3,1,1,1,0,0,0,0,0,0,0,-1,-1
tableraise,1,0,0,0,0,3,1,1,1,0,0,0,0,0,0,0,-1,-1
t4sm4n0rd0g,1,0,0,0,0,3,1,1,1,0,0,0,0,0,0,0,-1,-1
T4K3MYCH1PS,1,0,0,0,0,1,1,1,1,0,0,0,0,0,0,0,-1,-1
t1ken,1,0,0,0,0,3,1,1,1,0,0,0,0,0,0,0,-1,-1
szarfej,1,0,0,0,0,3,1,1,1,0,0,0,0,0,0,0,-1,-1
kerpo14,1,0,0,0,0,3,1,1,1,0,0,0,0,0,0,0,-1,-1
Sylvain6318,1,0,0,0,0,1,1,1,0,0,1,0,0,0,0,0,-1,-1
SydneyBZH,1,0,0,0,0,3,1,1,1,0,0,0,0,0,0,0,-1,-1
SwingUP,1,0,0,0,0,1,1,1,1,0,0,0,0,0,0,0,-1,-1
swed7,1,0,0,0,0,3,1,1,1,0,0,0,0,0,0,0,-1,-1
swakyMS,0,2,2,0,2,2,0,2,2,0,1,1,0,0,0,7,-1,-1
Svetlana24,1,0,0,0,0,3,1,1,1,0,0,0,0,0,0,0,-1,-1
Super_Nul,1,0,0,0,0,3,1,1,1,0,0,0,0,0,0,0,-1,-1
Superstars28,1,0,0,0,0,3,1,1,1,0,0,0,0,0,0,0,-1,-1
superBurger,0,2,2,0,2,2,0,2,2,0,1,1,0,0,0,1,-1,-1
supaelite,0,1,1,1,1,0,0,0,3,1,2,3,0,0,0,28,-1,-1
Kevain666,0,1,1,1,1,0,0,0,3,1,2,3,0,0,0,27,-1,-1
kev.d1991,1,0,0,0,0,3,1,1,1,0,0,0,0,0,0,0,-1,-1
kettenkarrus,1,0,0,0,0,3,1,1,1,0,0,0,0,0,0,0,-1,-1
GIGABET777,0,2,2,0,2,2,0,2,2,0,1,1,0,0,0,6,-1,-1
Giedriua,1,0,0,0,0,3,1,1,1,0,0,0,0,0,0,0,-1,-1
Gibton03,1,0,3,0,0,1,1,2,0,0,1,1,0,0,0,0,-1,-1
vince00007,1,0,0,0,0,3,1,1,1,0,0,0,0,0,0,0,-1,-1
Walter7746,1,0,0,0,0,3,1,1,1,0,0,0,0,0,0,0,-1,-1
Walter1900,1,0,3,0,0,1,1,2,0,0,1,1,0,0,0,0,-1,-1
Walstricts,1,0,3,0,0,1,1,2,0,0,1,1,0,0,0,0,-1,-1
Wahrsager,1,0,0,0,0,3,1,1,1,0,0,0,0,0,0,0,-1,-1
WadAllan,1,0,3,0,0,1,1,1,0,0,1,0,0,0,0,0,-1,-1
Vv_BRAVO_vV,1,0,0,0,0,3,1,1,0,0,1,0,0,0,0,0,-1,-1
Voodoo-Style,1,0,3,0,0,1,1,1,0,0,1,0,0,0,0,0,-1,-1
volko34,1,0,0,0,0,3,1,1,1,0,0,0,0,0,0,0,-1,-1
vlg777,1,0,3,0,0,1,1,1,0,0,1,0,0,0,0,0,-1,-1
VlCO,0,2,2,0,2,2,0,2,2,0,1,1,0,0,0,1,-1,-1
ViTesReves-,0,1,1,0,0,1,0,2,0,0,1,1,0,0,0,0,-1,-1
VirtuaLsToRm,1,0,0,0,0,3,1,1,1,0,0,0,0,0,0,0,-1,-1
Virgule8,1,0,0,0,0,3,1,1,1,0,0,0,0,0,0,0,-1,-1
Viejonarmol,1,0,3,0,0,1,1,2,0,0,1,1,0,0,0,0,-1,-1
WarriorKid,1,0,0,0,0,3,1,1,1,0,0,0,0,0,0,0,-1,-1
videment,1,0,3,0,0,1,1,1,0,0,1,0,0,0,0,0,-1,-1
VicMac4,1,0,0,0,0,3,1,1,1,0,0,0,0,0,0,0,-1,-1
Pablichenko9,0,1,1,1,1,0,0,0,3,1,2,3,1,0,0,0,-1,-1
OMarseillai,1,0,0,0,0,3,1,1,1,0,0,0,0,0,0,0,-1,-1
NrikoOM13,0,1,1,1,1,0,0,0,3,1,2,3,0,0,0,0,-1,-1
Ninykhmer,1,0,0,0,0,3,1,1,1,0,0,0,0,0,0,0,-1,-1
Natsuko13,1,0,3,0,0,1,1,1,0,0,1,0,0,0,0,0,-1,-1
MuhamadAllin,1,0,3,0,0,1,1,2,0,0,1,1,0,0,0,0,-1,-1
Molusk,1,0,0,0,0,1,1,2,0,0,1,1,0,0,0,0,-1,-1
Mikelev,1,0,0,0,0,3,1,1,1,0,0,0,0,0,0,0,-1,-1
megatron_g1,1,0,0,0,0,3,1,1,1,0,0,0,0,0,0,25,-1,-1
MatChpr,1,0,3,0,0,3,1,1,0,0,1,0,0,0,0,0,-1,-1
Marcelo78,0,2,2,0,2,2,0,2,2,0,1,1,0,0,0,11,-1,-1
Warik63,1,0,0,0,0,3,1,1,1,0,0,0,0,0,0,0,-1,-1
Waster307,1,0,0,0,0,3,1,1,1,0,0,0,0,0,0,0,-1,-1
Ghinda86,1,0,3,0,0,1,1,1,0,0,1,0,0,0,0,0,-1,-1
rikitron,1,0,0,0,0,3,1,1,1,0,0,0,0,0,0,0,-1,-1
Ghighi94,1,0,0,0,0,3,1,1,1,0,0,0,0,0,0,0,2,-1
getttt,1,0,0,0,0,3,1,1,1,0,0,0,0,0,0,0,-1,-1
Getfooz,1,0,0,0,0,3,1,1,1,0,0,0,0,0,0,0,-1,-1
Gesheshe97,1,0,0,0,0,3,1,1,1,0,0,0,0,0,0,0,-1,-1
Robert1234,0,1,1,1,1,0,0,2,2,1,1,1,0,0,0,12,-1,-1
Robert-7,1,0,3,0,0,1,1,2,0,0,1,1,0,0,0,0,-1,-1
RobbyTheDog,1,0,0,0,0,3,1,1,1,0,0,0,0,0,0,0,-1,-1
Robbo26,1,0,0,0,0,3,1,1,1,0,0,0,0,0,0,0,-1,-1
Road2BadBeat,0,2,2,1,1,0,0,2,2,0,1,1,0,0,0,0,-1,-1
riverstar35,1,0,0,0,0,3,1,1,1,0,0,0,0,0,0,0,-1,-1
RiskyOdds,1,0,0,0,0,1,1,2,0,0,1,1,0,0,0,0,-1,-1
Rinaldo44100,1,0,0,0,0,3,1,1,1,0,0,0,0,0,0,0,-1,-1
RilB-AA,1,0,0,0,0,3,1,1,1,0,0,0,0,0,0,0,-1,-1
rigumg,1,0,0,0,0,3,1,1,1,0,0,0,0,0,0,0,-1,-1
Wekos,1,0,0,0,0,3,1,1,1,0,0,0,0,0,0,0,-1,-1
righteousnes,1,0,0,0,0,3,1,1,1,0,0,0,0,0,0,0,-1,-1
Rif25700,1,0,0,0,0,3,1,1,1,0,0,0,0,0,0,0,-1,-1
ricopirate11,1,0,0,0,0,3,1,1,1,0,0,0,0,0,0,0,-1,-1
Ricoa,0,1,1,1,1,0,0,0,3,1,2,2,1,0,0,14,-1,-1
ricki64,1,0,0,0,0,3,1,1,1,0,0,0,0,0,0,0,-1,-1
rfloper,1,0,0,0,0,3,1,1,1,0,0,0,0,0,0,0,-1,-1
Resma13,1,0,0,0,0,3,1,1,1,0,0,0,0,0,0,0,0,-1
renorains19,1,0,3,0,0,1,1,1,0,0,1,0,0,0,0,0,-1,-1
remirqt,1,0,0,0,0,3,1,1,1,0,0,0,0,0,0,0,-1,-1
REGCARP57,1,0,0,0,0,3,1,1,1,0,0,0,0,0,0,0,-1,-1
Red_Skin,1,0,0,0,0,3,1,1,1,0,0,0,0,0,0,0,-1,-1
redscalp68,1,0,3,0,0,1,1,2,2,0,1,1,0,0,0,0,-1,-1
WestHHinder,0,1,1,1,1,0,0,0,3,1,2,3,0,0,0,28,-1,-1
Pepega,1,0,0,0,0,3,1,1,1,0,0,0,0,0,0,0,-1,-1
pensee14,1,0,0,0,0,3,1,1,1,0,0,0,0,0,0,0,-1,-1
Pelajas,1,0,0,0,0,3,1,1,1,0,0,0,0,0,0,0,-1,-1
pedrolit000,1,0,0,0,0,1,1,1,0,0,1,0,0,0,0,0,-1,-1
AAbudAA,0,1,1,1,1,0,0,2,2,1,2,1,0,0,0,12,-1,-1
AA69KK,1,0,0,0,0,1,1,1,1,0,0,0,0,0,0,0,-1,-1
AA100K,1,0,0,0,0,3,1,1,1,0,0,0,0,0,0,0,-1,-1
AA-FUCK-AK,1,0,0,0,0,3,1,1,1,0,0,0,0,0,0,0,-1,-1
A719KC,1,0,0,0,0,3,1,1,1,0,0,0,0,0,0,0,-1,-1
A2Lux,1,0,0,0,0,3,1,1,1,0,0,0,0,0,0,0,-1,-1
A.Zivkovic,1,0,0,0,0,3,1,1,1,0,0,0,0,0,0,0,-1,-1
A.a93,1,0,0,0,0,3,1,1,1,0,0,0,0,0,0,0,-1,-1
9RaptoR9,1,0,0,0,0,3,1,1,1,0,0,0,0,0,0,0,-1,-1
93arnak93,1,0,3,0,0,1,1,1,0,0,1,0,0,0,0,0,-1,-1
88EXPRESSO88,1,0,0,0,0,3,1,1,1,0,0,0,0,0,0,0,-1,-1
8383grom8383,1,0,0,0,0,3,1,1,1,0,0,0,0,0,0,0,-1,-1
83320Piqueat,0,1,1,0,0,1,0,2,2,1,1,1,0,0,0,0,-1,-1
7utanK4m0n,1,0,0,0,0,3,1,1,1,0,0,0,0,0,0,0,-1,-1
catcamaur1,1,0,0,0,0,3,1,1,1,0,0,0,0,0,0,0,-1,-1
catala1974,1,0,0,0,0,3,1,1,1,0,0,0,0,0,0,0,-1,-1
Cashni1988,1,0,0,0,0,1,1,1,1,0,0,0,0,0,0,0,-1,-1
carthief,1,0,0,0,0,3,1,1,1,0,0,0,0,0,0,0,-1,-1
carredasdu59,1,0,0,0,0,3,1,1,1,0,0,0,0,0,0,0,-1,-1
CarolineGD,0,1,1,1,1,0,0,0,3,1,2,3,0,0,0,0,-1,-1
CarolinAnast,1,0,3,0,0,1,0,2,0,0,1,1,0,0,0,0,-1,-1
Caro-lux77,0,2,2,0,2,2,0,2,2,1,1,1,0,0,0,12,-1,-1
Carlitusss33,1,0,0,0,0,3,1,1,0,0,1,0,0,0,0,0,-1,-1
Carlitss96,0,1,1,1,1,0,0,0,3,1,2,3,0,0,0,0,-1,-1
Caralhos51,1,0,0,0,0,1,1,1,1,0,0,0,0,0,0,0,-1,-1
Captain-Cook,0,1,1,1,1,0,0,0,3,1,2,3,0,0,0,0,-1,-1
Caperu,1,0,3,0,0,1,0,2,2,0,1,1,0,0,0,0,-1,-1
Cantero21,1,0,0,0,0,3,1,1,1,0,0,0,0,0,0,0,-1,-1
camilo1978,1,0,0,0,0,3,1,1,1,0,0,0,0,0,0,0,-1,-1
AAJoelAA,1,0,0,0,0,3,1,1,1,0,0,0,0,0,0,0,-1,-1
Aarrahh01,0,1,1,1,1,0,0,0,3,1,2,3,0,0,0,0,-1,-1
Abcdf,1,0,0,0,0,3,1,1,1,0,0,0,0,0,0,0,-1,-1
Soso84800,1,0,0,0,0,3,1,1,0,0,0,0,0,0,0,0,-1,-1
spykos70,1,0,0,0,0,3,1,1,1,0,0,0,0,0,0,0,-1,-1
Sprimo,1,0,0,0,0,3,1,1,1,0,0,0,0,0,0,0,-1,-1
Spliff34000,1,0,3,0,0,1,1,1,0,0,1,0,0,0,0,0,-1,-1
spiritus1,1,0,0,0,0,3,1,1,1,0,0,0,0,0,0,0,-1,-1
Spinthewheel,1,0,0,0,0,3,1,1,1,0,0,0,0,0,0,0,-1,-1
Spinandfred,1,0,0,0,0,3,1,1,1,0,0,0,0,0,0,0,-1,-1
Speed2125,1,0,0,0,0,1,0,2,0,0,1,1,0,0,0,0,-1,-1
SPCFOREVER,1,0,0,0,0,3,1,1,1,0,0,0,0,0,0,0,-1,-1
Sparthaak,0,1,1,1,1,0,0,0,3,1,2,2,1,0,0,14,-1,-1
Sowjho,1,0,0,0,0,1,0,2,0,0,1,3,0,0,0,0,-1,-1
Souflax92,1,0,0,0,0,3,1,1,1,0,0,0,0,0,0,0,-1,-1
soufian.elam,0,1,1,1,1,0,0,2,2,1,2,1,0,0,0,12,-1,-1
sosofunky21,1,0,3,0,0,1,1,1,0,0,1,0,0,0,0,0,-1,-1
AGA-MARK,1,0,0,0,0,3,1,1,1,0,0,0,0,0,0,0,-1,-1
Abdelmalik21,1,0,3,0,0,1,1,1,0,0,1,0,0,0,0,0,-1,-1
AFishIsAFish,1,0,0,0,0,1,1,2,0,0,1,1,0,0,0,0,-1,-1
aerofagia,1,0,0,0,0,3,1,1,1,0,0,0,0,0,0,0,-1,-1
Adrs99,1,0,3,0,0,1,0,2,0,0,1,1,0,0,0,0,-1,-1
Adriaced42,1,0,3,0,0,1,1,1,0,0,1,0,0,0,0,0,-1,-1
Adelante135,0,2,2,0,2,2,0,2,2,0,1,1,0,0,0,12,-1,-1
Adad848,1,0,0,0,0,3,1,1,1,0,0,0,0,0,0,0,-1,-1
Acteon69,1,0,0,0,0,3,1,1,1,0,0,0,0,0,0,0,-1,-1
acm68170,1,0,0,0,0,3,1,1,1,0,0,0,0,0,0,0,-1,-1
Acg79,1,0,0,0,0,3,1,1,1,0,0,0,0,0,0,0,-1,-1
abrikosas366,1,0,0,0,0,3,1,1,1,0,0,0,0,0,0,0,-1,-1
aberlour9,1,0,0,0,0,3,1,1,1,0,0,0,0,0,0,0,-1,-1
abelclAA,0,1,1,1,1,0,0,0,3,1,2,3,0,0,0,14,-1,-1
Abe60,1,0,0,0,0,3,1,1,1,0,0,0,0,0,0,0,-1,-1
CameraClub,0,1,1,1,1,0,0,0,3,1,2,3,0,0,0,0,4,-1
Camel&WEEDS,1,0,0,0,0,3,1,1,0,0,1,0,0,0,0,0,-1,-1
Calypso1804,0,1,1,1,1,0,1,0,3,1,2,3,0,0,0,0,-1,-1
Hadji47,1,0,0,0,0,3,1,1,1,0,0,0,0,0,0,0,-1,-1
hattoulavan,0,1,1,1,1,0,0,0,3,1,2,3,0,0,0,0,-1,-1
Hatim40,1,0,3,0,0,1,1,1,0,0,1,0,0,0,0,0,-1,-1
HarveyL,0,2,2,0,2,2,0,2,2,1,1,1,0,0,0,3,-1,-1
HarryTokker,1,0,0,0,0,3,1,1,1,0,0,0,0,0,0,0,-1,-1
harrysonfold,1,0,3,0,0,1,0,2,0,0,1,1,0,0,0,0,-1,-1
HANSENTOF59,1,0,0,0,0,3,1,1,1,0,0,0,0,0,0,0,0,-1
Hanenekeke,1,0,0,0,0,3,1,1,1,0,0,0,0,0,0,0,-1,-1
hamzoloo,1,0,0,0,0,3,1,1,1,0,0,0,0,0,0,0,1,-1
Hamag27,1,0,0,0,0,3,1,1,1,0,0,0,0,0,0,0,-1,-1
Hamadi71,1,0,0,0,0,3,1,1,1,0,0,0,0,0,0,0,-1,-1
Hakimono68,1,0,0,0,0,3,1,1,1,0,0,0,0,0,0,0,-1,-1
hakim-geneve,1,0,0,1,1,0,1,1,1,0,0,3,0,0,0,0,-1,-1
Haiks95,1,0,0,0,0,1,1,2,0,0,1,1,0,0,0,0,-1,-1
Habacha131,1,0,0,0,0,3,1,1,0,0,0,0,0,0,0,0,-1,-1
Hayden2017,1,0,0,0,0,3,1,1,1,0,0,0,0,0,0,0,-1,-1
H.G_M.T.S,0,1,1,1,1,0,0,0,3,1,2,2,1,2,0,29,-1,-1
H.Caps,1,0,0,0,0,3,1,1,1,0,0,0,0,0,0,0,-1,-1
gyikarton,1,0,0,0,0,3,1,1,1,0,0,0,0,0,0,0,-1,-1
Samurvk,0,1,1,1,1,0,0,0,3,1,2,2,1,2,0,14,-1,-1
samproba,1,0,0,0,0,1,1,1,1,0,0,0,0,0,0,0,-1,-1
sammy97414,1,0,0,0,0,3,1,1,1,0,0,0,0,0,0,0,-1,-1
samiu2,1,0,3,0,0,1,1,1,0,0,1,0,0,0,0,0,-1,-1
Samak,1,0,3,0,0,1,1,1,0,0,1,0,0,0,0,0,-1,-1
Sam404,1,0,0,0,0,1,1,1,0,0,1,0,0,0,0,0,-1,-1
Sam2626,1,0,0,0,0,3,1,1,1,0,0,0,0,0,0,0,-1,-1
Sam0618,1,0,0,0,0,3,1,1,1,0,0,0,0,0,0,0,-1,-1
SaltyPees199,0,1,1,1,1,0,0,0,3,1,2,2,1,0,0,29,-1,-1
Salimo35650,1,0,0,0,0,3,1,1,0,0,1,0,0,0,0,0,-1,-1
Haussprengir,1,0,0,0,0,3,1,1,1,0,0,0,0,0,0,0,-1,-1
hazim77,1,0,0,0,0,3,1,1,1,0,0,0,0,0,0,0,-1,-1
Call_rizvert,0,1,1,1,1,0,0,0,3,1,2,2,1,2,0,26,-1,-1
Damiyou11,0,2,2,0,0,1,1,2,2,0,1,1,0,0,0,0,-1,-1
californium,1,0,0,0,0,3,1,1,1,0,0,0,0,0,0,0,-1,-1
CaIIM3Daddy,1,0,0,0,0,3,1,1,1,0,0,0,0,0,0,0,-1,-1
CAESAR1984,1,0,0,0,0,3,1,1,1,0,0,0,0,0,0,0,-1,-1
CachaLibre,1,0,0,0,0,1,1,1,0,0,1,0,0,0,0,0,-1,-1
Darkscottie,1,0,0,0,0,3,1,1,1,0,0,0,0,0,0,0,-1,-1
DarkLuneau,1,0,0,0,0,3,1,1,0,0,1,0,0,0,0,0,-1,-1
darkevilxd,1,0,0,0,0,3,1,1,1,0,0,0,0,0,0,0,-1,-1
Dark6810,1,0,0,0,0,3,1,1,1,0,0,0,0,0,0,0,-1,-1
dariobened13,1,0,0,0,0,1,1,1,1,0,0,0,0,0,0,0,-1,-1
Daradaniels,1,0,3,0,0,3,1,1,0,0,1,0,0,0,0,0,-1,-1
Dancorto,1,0,3,0,0,1,0,2,0,0,1,1,0,0,0,0,-1,-1
Dan9352,1,0,0,0,0,3,1,1,1,0,0,0,0,0,0,0,-1,-1
Damtiff,0,1,1,1,1,0,0,0,3,1,2,3,0,0,0,0,-1,-1
dami665,1,0,0,0,0,3,1,1,1,0,0,0,0,0,0,0,-1,-1
Cyrillas,1,0,0,0,0,3,1,1,1,0,0,0,0,0,0,0,-1,-1
dameveneno18,1,0,0,1,1,0,1,1,1,0,0,3,0,0,0,0,-1,-1
DamDamDeep,1,0,0,0,0,1,0,2,0,0,1,1,0,0,0,0,-1,-1
Dallas598,1,0,3,0,0,1,1,2,0,0,1,1,0,0,0,0,-1,-1
Dalilou13015,1,0,0,0,0,3,1,1,1,0,0,0,0,0,0,0,-1,-1
DaLD,1,0,0,0,0,3,1,1,1,0,0,0,0,0,0,0,-1,-1
DaKKeR,1,0,0,0,0,3,1,1,1,0,0,0,0,0,0,0,-1,-1
daisna,1,0,0,0,0,1,1,1,0,0,1,0,0,0,0,0,-1,-1
Dain6969,1,0,0,0,0,1,1,2,0,0,1,1,0,0,0,0,-1,-1
dadool,1,0,0,0,0,3,1,1,1,0,0,0,0,0,0,0,0,-1
dadapop974,0,2,2,0,2,2,0,2,2,1,1,1,0,0,0,12,-1,-1
Dada84068,1,0,3,0,0,1,0,2,2,0,1,1,0,0,0,11,-1,-1
D.25031987,1,0,0,0,0,3,1,1,1,0,0,0,0,0,0,0,-1,-1
Cyxon,1,0,3,0,0,1,1,2,0,0,1,1,0,0,0,0,-1,-1
Sr.Frank,1,0,3,0,0,1,1,1,0,0,1,0,0,0,0,0,-1,-1
SRFC_en_LDC,1,0,0,0,0,3,1,1,1,0,0,0,0,0,0,0,-1,-1
SSSupasym,1,0,0,0,0,1,1,1,1,0,0,0,0,0,0,0,-1,-1
FolieDouce21,0,1,1,1,1,0,0,0,3,1,2,3,0,0,0,19,-1,-1
Titusbramble,1,0,0,0,0,3,1,1,1,0,0,0,0,0,0,0,-1,-1
titroro,1,0,0,0,0,3,1,1,1,0,0,0,0,0,0,0,-1,-1
Titolin75,1,0,0,0,0,3,1,1,1,0,0,0,0,0,0,0,-1,-1
Tite-bouille,1,0,0,0,0,1,1,2,0,0,1,0,0,0,1,9,-1,-1
Tirofij047,1,0,0,0,0,3,1,1,1,0,0,0,0,0,0,0,-1,-1
TioGi1,1,0,0,0,0,3,1,1,1,0,0,0,0,0,0,0,-1,-1
tino83,1,0,0,0,0,1,1,1,1,0,0,0,0,0,0,0,-1,-1
tingtongba,1,0,0,0,0,3,1,1,1,0,0,0,0,0,0,0,-1,-1
TinaTurn974,1,0,0,0,0,3,1,1,0,0,0,0,0,0,0,0,-1,-1
TimpeWinamaX,0,1,1,1,1,0,0,0,3,1,2,3,1,0,0,27,-1,-1
Timex85,0,1,1,1,1,0,0,0,3,1,2,3,0,0,0,0,-1,-1
TimeSlide749,0,1,1,1,1,0,0,0,3,1,2,2,1,0,0,14,-1,-1
FONIKID,1,0,0,0,0,1,1,1,0,0,1,0,0,0,0,0,-1,-1
FoldAces,0,2,2,0,2,2,0,2,2,1,1,1,0,0,0,3,-1,-1
Tmmmmmmmmmmm,1,0,3,0,0,1,1,1,0,0,1,0,0,0,0,0,-1,-1
Fold77,1,0,0,0,0,3,1,1,0,0,0,0,0,0,0,0,-1,-1
FolD4VaLuE,1,0,0,0,0,3,1,1,1,0,0,0,0,0,0,0,-1,-1
folchh12,1,0,0,0,0,3,1,1,0,0,1,0,0,0,0,0,-1,-1
FocusOMG,1,0,3,0,0,1,1,1,0,0,1,0,0,0,0,0,-1,-1
Focus,1,0,0,0,0,3,1,1,1,0,0,0,0,0,0,0,-1,-1
flynn2,1,0,0,0,0,3,1,1,0,0,1,0,0,0,0,0,-1,-1
flo_ngy,0,1,1,0,0,1,0,2,2,1,1,1,0,0,0,0,-1,-1
Flower1970,1,0,3,0,0,1,1,1,0,0,1,0,0,0,0,0,-1,-1
Florian143,1,0,0,0,0,1,1,1,0,0,1,0,0,0,0,0,-1,-1
Flooo34170,0,1,1,1,1,0,0,0,3,1,2,2,1,0,0,14,-1,-1
FloMass92,0,1,1,1,1,0,0,0,3,1,2,2,1,0,0,29,-1,-1
flofloflo666,1,0,0,0,0,3,1,1,1,0,0,0,0,0,0,0,-1,-1
Flodel35,1,0,3,0,0,1,1,1,0,0,1,0,0,0,0,0,-1,-1
ti_james.,1,0,0,0,0,3,1,1,1,0,0,0,0,0,0,0,-1,-1
Tnes,0,2,2,0,2,2,0,2,2,0,1,1,0,0,0,1,-1,-1
flo60123,0,1,1,1,1,0,0,2,2,1,2,1,0,0,0,0,-1,-1
JDP95,1,0,0,0,0,3,1,1,1,0,0,0,0,0,0,0,-1,-1
PBR07,1,0,0,0,0,3,1,1,1,0,0,0,0,0,0,0,-1,-1
JesousBruins,1,0,0,0,0,1,1,1,0,0,1,1,0,0,0,7,-1,-1
JerryFarray,1,0,0,0,0,1,1,1,1,0,0,0,0,0,0,0,-1,-1
Jerem7538,1,0,0,0,0,3,1,1,1,0,0,0,0,0,0,0,-1,-1
Jeperdtout,1,0,3,0,0,1,0,2,0,0,1,1,0,0,0,0,-1,-1
Jejoux,1,0,0,0,0,3,1,1,1,0,0,0,0,0,0,0,-1,-1
Jejewin25,1,0,0,1,1,0,1,1,1,0,0,0,0,0,0,0,-1,-1
JejeD65,1,0,3,0,0,1,1,1,0,0,1,0,0,0,0,0,-1,-1
jeffou93,1,0,0,0,0,3,1,1,1,0,0,0,0,0,0,0,-1,-1
Jeansouris,0,2,2,0,0,1,0,2,2,0,1,1,0,0,0,0,-1,-1
JeanMarcLee,1,0,0,0,0,3,1,1,1,0,0,0,0,0,0,0,-1,-1
jeangab87,1,0,0,0,0,3,1,1,1,0,0,0,0,0,0,0,-1,-1
Jean-Noliv,1,0,3,0,0,1,1,1,0,0,1,0,0,0,0,0,-1,-1
JCJ2512,1,0,0,0,0,3,1,1,1,0,0,0,0,0,0,0,-1,-1
TodoAlCentro,1,0,0,0,0,3,1,1,1,0,0,0,0,0,0,0,-1,-1
Jboby10,1,0,0,0,0,1,1,1,1,0,0,0,0,0,0,0,-1,-1
Javed83310,1,0,0,0,0,1,1,1,0,0,1,0,0,0,0,0,-1,-1
Jataganer,1,0,0,0,0,3,1,1,1,0,0,0,0,0,0,0,-1,-1
JasM599,1,0,0,0,0,1,0,2,0,0,1,1,0,0,0,0,-1,-1
jarod64,1,0,0,0,0,3,1,1,1,0,0,0,0,0,0,0,-1,-1
Janozcour,1,0,0,0,0,3,1,1,1,0,0,0,0,0,0,0,-1,-1
jandrico,1,0,3,0,0,1,1,1,0,0,1,0,0,0,0,0,-1,-1
TomiOueD,1,0,0,0,0,3,1,1,1,0,0,0,0,0,0,0,-1,-1
Tomdec13,0,1,1,1,1,0,0,0,3,1,2,3,0,0,0,27,-1,-1
tomasolano,0,2,2,0,2,2,0,2,2,0,1,1,0,1,3,2,-1,-1
Tom000000000,1,0,0,0,0,1,1,1,0,0,1,0,0,0,0,0,-1,-1
Tolosdias,1,0,0,0,0,3,1,1,1,0,0,0,0,0,0,0,-1,-1
Toinuux,1,0,0,0,0,3,1,1,1,0,0,0,0,0,0,0,-1,-1
Flo88200,0,1,1,1,1,0,0,0,3,1,2,3,0,0,0,0,-1,-1
Flloki,1,0,0,0,0,3,1,1,1,0,0,0,0,0,0,0,-1,-1
stack_nice,0,1,1,1,1,0,0,0,3,1,2,2,1,0,0,29,-1,-1
Badpit66,1,0,0,0,0,3,1,1,1,0,0,0,0,0,0,0,-1,-1
Baptcaille,0,2,2,0,0,1,0,2,2,0,1,1,0,0,0,1,-1,-1
BanzAAii,1,0,3,0,0,1,1,1,0,0,1,0,0,0,0,0,-1,-1
BanHMii,0,1,1,1,1,0,0,0,3,1,2,3,0,0,0,0,4,-1
Bandithis,1,0,0,0,0,3,1,1,1,0,0,0,0,0,0,0,-1,-1
Banderstadt,1,0,0,0,0,1,1,1,1,0,0,0,0,0,0,0,-1,-1
Banane-verte,0,1,1,1,1,0,0,0,3,1,2,2,0,0,0,18,-1,-1
balonmania,1,0,0,0,0,3,1,1,1,0,0,0,0,0,0,0,-1,-1
balix_x,1,0,0,0,0,3,1,1,1,0,0,0,0,0,0,0,-1,-1
Baldi-89,1,0,0,0,0,3,1,1,0,0,1,0,0,0,0,0,-1,-1
BALBAS-AS,1,0,0,0,0,3,1,1,1,0,0,0,0,0,0,0,-1,-1
BAIIS,1,0,0,0,0,3,1,1,1,0,0,0,0,0,0,0,-1,-1
bagull,0,2,2,0,0,1,1,2,0,0,1,1,0,0,0,7,-1,-1
Bagsw,1,0,0,0,0,3,1,1,1,0,0,0,0,0,0,0,-1,-1
BadbeatAdict,1,0,0,0,0,1,1,1,0,0,1,0,0,0,0,0,-1,-1
BaRhi67,1,0,0,0,0,3,1,1,1,0,0,0,0,0,0,0,-1,-1
badbeat9,1,0,0,0,0,3,1,1,1,0,0,0,0,0,0,0,-1,-1
BadA_BoOm751,1,0,0,0,0,3,1,1,1,0,0,0,0,0,0,0,-1,-1
Backi5629,1,0,0,0,0,3,1,1,1,0,0,0,0,0,0,0,-1,-1
Backdoortilt,0,1,1,1,1,0,0,0,3,1,2,3,1,0,0,28,-1,-1
Babushka228,1,0,0,0,0,1,1,1,1,0,0,0,0,0,0,0,-1,-1
babayagad,1,0,0,1,1,0,0,0,3,1,2,3,0,0,0,0,-1,-1
babatime15,1,0,3,0,0,1,1,2,0,0,1,1,0,0,0,0,-1,-1
B218,1,0,0,0,0,3,1,1,0,0,1,0,0,0,0,0,-1,-1
a_ti_te,1,0,3,0,0,1,1,2,2,0,1,1,0,0,0,0,-1,-1
azryuo,1,0,0,0,0,3,1,1,1,0,0,0,0,0,0,0,-1,-1
AzoRa,1,0,3,0,0,1,1,2,2,0,1,1,0,0,0,0,-1,-1
aymgouv,1,0,0,0,0,3,1,1,1,0,0,0,0,0,0,0,-1,-1
Staff.93,1,0,0,0,0,3,1,1,1,0,0,0,0,0,0,0,-1,-1
Baptouuuuu,1,0,0,0,0,1,1,1,1,0,0,0,0,0,0,0,-1,-1
barklajus275,1,0,0,0,0,1,1,1,1,0,1,0,0,0,0,0,-1,-1
Flav23ien,0,1,1,1,1,0,0,0,3,1,2,3,1,0,0,28,-1,-1
el-lucifer,1,0,0,0,0,3,1,1,1,0,0,0,0,0,0,0,-1,-1
FLAMBEUR9515,0,1,1,1,1,0,0,0,3,1,2,3,0,0,0,0,4,-1
flairthuis,0,1,1,1,1,0,0,0,3,1,2,3,1,0,0,28,-1,-1
Flaad,1,0,0,0,0,3,1,1,1,0,0,0,0,0,0,0,-1,-1
Elie_68,1,0,0,0,0,1,1,2,0,0,1,1,0,0,0,0,-1,-1
Eliaiao,1,0,3,0,0,3,1,2,0,0,1,1,0,0,0,0,-1,-1
Elfiascro,1,0,0,0,0,3,1,1,1,0,0,0,0,0,0,0,-1,-1
Elfenomeno98,1,0,3,0,0,1,1,2,0,0,1,1,0,0,0,0,-1,-1
elfaraonodin,1,0,0,0,0,1,0,1,0,0,1,3,0,0,0,0,-1,-1
Elena318,1,0,0,0,0,3,1,1,0,0,1,0,0,0,0,0,-1,-1
ElCrevette,0,1,1,1,1,0,0,0,3,1,2,3,0,0,0,0,-1,-1
Elchapo7878,1,0,3,0,0,1,1,2,0,0,1,1,0,0,0,0,-1,-1
Elbr,1,0,3,0,0,1,0,2,0,0,1,1,0,0,0,0,-1,-1
El-P,1,0,0,0,0,3,1,1,1,0,0,0,0,0,0,0,-1,-1
efRalgAn,1,0,0,0,0,1,0,2,0,0,1,3,0,0,0,0,-1,-1
Barosdidi,1,0,0,0,0,3,1,1,1,0,0,0,0,0,0,0,-1,-1
ednolou59,1,0,0,0,0,3,1,1,1,0,0,0,0,0,0,0,-1,-1
Edn24,1,0,0,0,0,3,1,1,1,0,0,0,0,0,0,0,-1,-1
edlio94,1,0,3,0,0,1,1,2,0,0,1,1,0,0,0,0,-1,-1
Edenn2712,1,0,0,0,0,3,1,1,1,0,0,0,0,0,0,0,-1,-1
ecoodysse13,1,0,0,0,0,3,1,1,1,0,0,0,0,0,0,0,-1,-1
Ebisu8,1,0,0,0,0,3,1,1,1,0,0,0,0,0,0,0,-1,-1
Eaufeu,1,0,0,0,0,3,1,1,1,0,0,0,0,0,0,0,-1,-1
Dzteams,0,2,2,0,2,2,0,2,2,0,1,1,0,0,0,3,-1,-1
Dzpower-YB,1,0,0,0,0,3,1,1,1,0,0,0,0,0,0,0,-1,-1
Dzeedyy,1,0,0,0,0,3,1,1,1,0,0,0,0,0,0,0,-1,-1
Bastienbeaux,1,0,0,0,0,1,0,1,0,0,1,1,0,0,0,0,-1,-1
bastharden,1,0,3,0,0,1,1,2,0,0,1,1,0,0,0,0,-1,-1
bartman93,1,0,0,0,0,3,1,1,1,0,0,0,0,0,0,0,-1,-1
inconnudu34,1,0,0,0,0,3,1,1,1,0,0,0,0,0,0,0,-1,-1
